0x4103d0	AbstractClass_Load_ClearExtensionSlot
0x412b40	AircraftTrackerClass_FillCurrentVector
0x413d30	AircraftClass_CTOR
0x414057	TechnoClass_Init_InitialStrength
0x4141fa	AircraftClass_DTOR
0x4143a8	AircraftClass_UnLimbo_CargoPlane
0x414665	AircraftClass_Draw_ExtraSHP
0x4146ea	AircraftClass_DrawIt_SkipShadowPoint
0x4147f9	AircraftClass_Draw_Shadow
0x4148f4	AircraftClass_DrawIt_LevelIntensity
0x414987	AircraftClass_Draw_Extra
0x414c0b	AircraftClass_ChronoSparkleDelay
0x414d4d	AircraftClass_Update_ClearTargetIfNoAmmo
0x414da8	AircraftClass_Update_UnlandableDamage
0x414f10	AircraftClass_AI_Trailer
0x415666	AircraftClass_Mission_SpyPlaneApproach_MaxCount
0x4157eb	AircraftClass_Mission_SpyPlaneOverfly_MaxCount
0x415a00	AircraftClass_Mission_Paradrop_Overfly_Delay
0x415a7a	AircraftClass_Mission_Retreat_PickEdgeCell
0x415eee	AircraftClass_Fire_KickOutPassengers
0x415f25	AircraftClass_Fire_TrajectorySkipInertiaEffect
0x415f5c	AircraftClass_FireAt_SpeedModifiers
0x416a0a	AircraftClass_Mission_Move_SmoothMoving
0x4179f7	AircraftClass_EnterIdleMode_NoCrash
0x417ff1	AircraftClass_Mission_Attack_StrafeShots
0x4180f4	AircraftClass_Mission_Attack_WeaponRange
0x41810f	AircraftClass_MissionAttack_WeaponRangeCheck1
0x4183c3	AircraftClass_CurleyShuffle_FireAtTarget
0x418403	AircraftClass_Mission_Attack_FireAtTarget_BurstFix
0x41847e	AircraftClass_MissionAttack_ScatterCell1
0x4184cc	AircraftClass_Mission_Attack_Delay1A
0x418506	AircraftClass_Mission_Attack_Delay1B
0x418544	AircraftClass_Mission_Attack_StrafingDestinationFix
0x418671	AircraftClass_CurleyShuffle_FireOk
0x4186b6	AircraftClass_Mission_Attack_FireAtTarget2_BurstFix
0x4186dd	AircraftClass_MissionAttack_ScatterCell2
0x418733	AircraftClass_CurleyShuffle_FireFacing
0x418782	AircraftClass_CurleyShuffle_Default
0x41879d	AircraftClass_Mission_Attack_StrafeCell
0x418805	AircraftClass_Mission_Attack_FireAtTarget2Strafe_BurstFix
0x418883	AircraftClass_Mission_Attack_Delay2
0x418914	AircraftClass_Mission_Attack_FireAtTarget3Strafe_BurstFix
0x418992	AircraftClass_Mission_Attack_Delay3
0x418a23	AircraftClass_Mission_Attack_FireAtTarget4Strafe_BurstFix
0x418aa1	AircraftClass_Mission_Attack_Delay4
0x418b1f	AircraftClass_Mission_Attack_FireAtTarget5Strafe_BurstFix
0x418b8a	AircraftClass_Mission_Attack_Delay5
0x418ba8	AircraftClass_MissionAttack_WeaponRangeCheck2
0x418cd1	AircraftClass_Mission_Attack_ContinueFlyToDestination
0x418cf3	AircraftClass_Mission_Attack_PlanningFix
0x41915d	AircraftClass_ReceiveCommand_QueryPreparedness
0x4197f3	AircraftClass_GetFireLocation_Strafing
0x4197fc	AircraftClass_GetFireLocation_WeaponRange
0x419ef6	AircraftClass_Mission_Enter_FixNotCarryall
0x41a5c7	AircraftClass_Mission_Guard_StartAreaGuard
0x41a96c	AircraftClass_Mission_AreaGuard
0x41aa80	AircraftClass_AssignDestination_SyncLog
0x41ae00	AircraftClass_See_DynamicSight
0x41bb30	AircraftClass_OverrideMission_SyncLog
0x41c8c0	AircraftTypeClass_CTOR
0x41cd54	AircraftTypeClass_ReadINI
0x41cd82	AircraftTypeClass_LoadFromINI
0x41ce7e	AircraftTypeClass_Load
0x41d056	AircraftTypeClass_DTOR
0x41d604	AirstrikeClass_PointerGotInvalid_ResetForTarget
0x41d97b	AirstrikeClass_Fire_SetAirstrike
0x41da52	AirstrikeClass_ResetTarget_OriginalTarget
0x41da80	AirstrikeClass_ResetTarget_NewTarget
0x41daa4	AirstrikeClass_ResetTarget_ResetForOldTarget
0x41dad4	AirstrikeClass_ResetTarget_ResetForNewTarget
0x41dbd4	AirstrikeClass_Stop_ResetForTarget
0x41eb43	AITriggerTypeClass_Condition_SupportPowersup
0x421ea0	AnimClass_CTOR_SetContext
0x422126	AnimClass_CTOR_NullType
0x4226f0	AnimClass_CTOR_CreateUnit_MarkOccupationBits
0x4226f6	AnimClass_CTOR
0x42276d	AnimClass_CTOR_ClearD0
0x422967	AnimClass_DTOR
0x423061	AnimClass_DrawIt_Visibility
0x423122	AnimClass_DrawIt_XDrawOffset
0x423183	AnimClass_DrawIt_Translucency
0x4232bf	AnimClass_DrawIt_MakeInfantry
0x4232e2	AnimClass_DrawIt_AltPalette
0x423365	AnimClass_DrawIt_ExtraShadow
0x423420	AnimClass_Draw_TintColor
0x423654	AnimClass_DrawIt_Tiled_Interval
0x423660	AnimClass_DrawIt_Tiled_Center
0x4236f0	AnimClass_DrawIt_Tiled_Palette
0x423855	AnimClass_DrawIt_ShadowLocation
0x423939	AnimClass_BounceAI_AttachedSystem
0x423b95	AnimClass_AI_Early
0x423bc8	AnimClass_AI_CreateUnit_MarkOccupationBits
0x423cc7	AnimClass_AI_HasExtras_Expired
0x4242e1	AnimClass_AI_TrailerAnim
0x4243bc	AnimClass_Update_VeinholeAttack
0x42453e	AnimClass_AI_Damage
0x42465d	AnimClass_AI_NullTypeCheck
0x424807	AnimClass_AI_Next
0x424932	AnimClass_AI_CreateUnit_ActualEffects
0x424c3d	AnimClass_AttachTo_AttachedAnimPosition
0x424cb0	AnimClass_InWhichLayer_AttachedObjectLayer
0x424cf1	AnimClass_Start_DetachedReport
0x425060	AnimClass_Expire_ScorchFlamer
0x4250e1	AnimClass_Middle_CraterDestroyTiberium
0x425174	AnimClass_Detach_Cloak
0x426598	AnimClass_SDDTOR
0x42784b	AnimTypeClass_CTOR
0x4287dc	AnimTypeClass_LoadFromINI
0x428ea8	AnimTypeClass_SDDTOR
0x42eb8e	BaseClass_GetBaseNodeIndex_CheckValidBaseNode
0x430c64	BeaconManagerClass_PlaceBeacon_RecordOrder
0x43131b	BeaconManagerClass_DeleteBeacon_RecordOrder
0x4381da	BlowPipe_Key_BlowfishEngine_Allocation
0x43830a	BlowStraw_Key_BlowfishEngine_Allocation
0x43878e	BombClass_Detonate_SetContext
0x4387a8	BombClass_Detonate_ExplosionAnimHandled
0x43b750	BuildingClass_CTOR
0x43c0b6	BuildingClass_DTOR
0x43c30a	BuildingClass_ReceiveMessage_Grinding
0x43c788	BuildingClass_ReceivedRadioCommand_Weeder_CompleteEnter
0x43cc73	BuildingClass_ReceiveMessage_ProductionAnim
0x43d386	BuildingClass_Draw_TintColor
0x43d6e5	BuildingClass_Draw_ZShapePointMove
0x43d874	BuildingClass_Draw_BuildupBibShape
0x43dc1c	BuildingClass_Draw2_TintColor
0x43e0c4	BuildingClass_Draw_VXLTurretMultiOffset
0x43f9e0	BuildingClass_Mark_Airstrike
0x43fa19	BuildingClass_Mark_TintIntensity
0x43fb23	BuildingClass_AI_Radiation
0x43fbef	BuildingClass_AI_PoweredKillSpawns
0x43fdd6	BuildingClass_AI_Airstrike
0x43fe69	BuildingClass_AI
0x440045	BuildingClass_UpdateDelayedFiring_PrefiringMark1
0x4400f9	BuildingClass_AI_UpdateOverpower
0x4401bb	BuildingClass_AI_PickWithFreeDocks
0x4403d4	BuildingClass_AI_ChronoSparkle
0x44043d	BuildingClass_AI_Temporaled_Chronosparkle_MuzzleFix
0x440580	BuildingClass_Unlimbo_UnitDeliveryFix
0x440842	BuildingClass_Unlimbo_DynamicSight
0x4408eb	BuildingClass_Unlimbo_UpgradeBuildings
0x440988	BuildingClass_Unlimbo_UpgradeAnims
0x440b4f	BuildingClass_Unlimbo_SetShouldRebuild
0x440d01	BuildingClass_Unlimbo_DestroyableObstacle
0x440ebb	BuildingClass_Unlimbo_NaturalParticleSystem_CampaignSkip
0x441053	BuildingClass_Unlimbo_EWGate
0x4410e1	BuildingClass_Unlimbo_NSGate
0x441501	BuildingClass_Unlimbo_FactoryPlant
0x441553	BuildingClass_Unlimbo_AddOwned
0x441c76	BuildingClass_Destroy_Explode_RubbleFix
0x44224f	BuildingClass_ReceiveDamage_DamageSelf
0x442290	BuildingClass_ReceiveDamage_Nonprovocative1
0x44242a	BuildingClass_ReceiveDamage_SetLATime
0x4425b6	BuildingClass_ReceiveDamage_NoDestroyLink
0x442956	BuildingClass_ReceiveDamage_Nonprovocative2
0x442f9b	BuildingClass_DestroyedByC4_LeaveBioReactor
0x443459	BuildingClass_ObjectClickedAction_DeployFire
0x44377e	BuildingClass_ActiveClickWith
0x4437b3	BuildingClass_CellClickedAction_NoManualMove
0x4438b4	BuildingClass_SetRallyPoint_Naval
0x443b90	BuildingClass_AssignTarget_SyncLog
0x443c81	BuildingClass_ExitObject_InitialClonedHealth
0x443cca	BuildingClass_KickOutUnit_AircraftType_Phobos
0x443fc7	BuildingClass_ExitObject_PoseDir1
0x44402e	BuildingClass_ExitObject_PoseDir2
0x4440b0	BuildingClass_KickOutUnit_CloningFacility
0x444113	BuildingClass_ExitObject_NavalProductionFix1
0x444119	BuildingClass_KickOutUnit_UnitType_Phobos
0x444131	BuildingClass_KickOutUnit_InfantryType_Phobos
0x444137	BuildingClass_ExitObject_NavalProductionFix2
0x4444a0	BuildingClass_KickOutUnit_NoKickOutInConstruction
0x44459a	BuildingClass_ExitObject_SubterraneanHarvester
0x4449fb	BuildingClass_KickOutUnit_CloningVats
0x444b83	BuildingClass_ExitObject_BarracksExitCell
0x444d11	BuildingClass_ExitObject_ProductionAnimForInfantryFactory
0x4451f8	BuildingClass_KickOutUnit_CleanUpAIBuildingSpace
0x44531f	BuildingClass_KickOutUnit_BuildingType_Phobos
0x445d87	BuildingClass_Limbo_DestroyableObstacle
0x445f04	BuildingClass_SelectAutoTarget_MultiWeapon
0x445fe4	BuildingClass_Place_RefineryActiveAnim
0x44643e	BuildingClass_Place_SuperAnim
0x446816	BuildingClass_Place_RevealToAll_UpdateSight
0x446bf4	BuildingClass_Place_FreeUnit_NearByLocation
0x446d42	BuildingClass_Place_FreeUnit_NearByLocation2
0x446ead	BuildingClass_GrandOpening_FreeWeeder_Mission
0x446f57	BuildingClass_GrandOpening_PoseDir_SetContext
0x447358	BuildingClass_MouseOverObject_DeployFire
0x447be3	BuildingClass_DockingCoord_TankBunker
0x447fed	BuildingClass_CanFire_OmniFire
0x4485db	BuildingClass_SetOwningHouse_SyncLinkedOwner
0x448a31	BuildingClass_Captured_FactoryPlant1
0x448a78	BuildingClass_SetOwningHouse_RemoveOwned
0x448df1	BuildingClass_SetOwningHouse_Airstrike
0x449149	BuildingClass_Captured_FactoryPlant2
0x449197	BuildingClass_SetOwningHouse_AddOwned
0x44939f	BuildingClass_Captured_BuildupFix
0x449462	BuildingClass_IsCellOccupied_UndeploysInto
0x44955d	BuildingClass_WeaponFactoryOutsideBusy_WeaponFactoryCell
0x4496fb	BuildingClass_Mission_Guard_Armed
0x44985b	BuildingClass_Mission_Guard_UnitReload
0x449ada	BuildingClass_MissionConstruction_DeployToFireFix
0x449afe	BuildingClass_Mission_Construction_StartFacing
0x449cc1	BuildingClass_Mi_Selling_EVASold_UndeploysInto
0x449daa	BuildingClass_Mission_Selling_StartFacing_Compare
0x449de9	BuildingClass_Mission_Selling_StartFacing_Set
0x449e2e	BuildingClass_Mi_Selling_CreateUnit
0x44a010	BuildingClass_Mission_Selling_SetUnitHealthPercentage
0x44a03c	BuildingClass_Mi_Selling_Transfer
0x44a541	BuildingClass_Mission_Selling_LeaveBioReactor
0x44a7cf	BuildingClass_Mi_Selling_PlaySellSound
0x44a8e5	BuildingClass_Mi_Selling_SetTarget
0x44a964	BuildingClass_Mi_Selling_VoiceDeploy
0x44ab22	BuildingClass_Mi_Selling_EVASold_Plug
0x44b214	BuildingClass_Mission_Attack_Gattling
0x44b630	BuildingClass_MissionAttack_AnimDelayedFire
0x44b6c7	BuildingClass_Mission_Attack_TurretAnim
0x44b7ae	BuildingClass_Mission_Repair_ProductionAnim
0x44b8f1	BuildingClass_Mission_Repair_Hospital
0x44bd38	BuildingClass_Mission_Repair_UnitRepair
0x44c836	BuildingClass_Mission_Repair_UnitReload
0x44c976	BuildingClass_Mission_Repair_TankBunker
0x44caba	BuildingClass_Mission_Missile_BulletParams
0x44ceec	BuildingClass_Mission_Missile_EMPulseSelectWeapon
0x44d074	BuildingClass_Mission_Missile_ApplyGravity
0x44d455	BuildingClass_Mission_Missile_EMPulseBulletWeapon
0x44d46e	BuildingClass_Mission_Missile_BeforeMoveTo
0x44dbcf	BuildingClass_Mission_Unload_LeaveBioReactor
0x44dcb1	BuildingClass_Mi_Unload_NoQueueUpToUnload
0x44e202	BuildingClass_Mission_Unload_CheckStuck
0x44e260	BuildingClass_Mission_Unload_KickOutStuckUnits
0x44e371	BuildingClass_Mission_Unload_DeployFire
0x44e826	BuildingClass_GetPowerOutput_Enhancer
0x44e910	BuildingClass_PointerExpired_C4ExpFix
0x44efd8	BuildingClass_FindExitCell_BarracksExitCell
0x44f62b	BuildingClass_CanPlayerMove_NoManualMove
0x44fbbf	CreateBuildingFromINIFile_AfterCTOR_BeforeUnlimbo
0x4502f4	BuildingClass_Update_Factory_Phobos
0x450319	BuildingClass_AI_Factory_NavalProductionFix
0x45063f	BuildingClass_UpdateRepairSell_PlayerAutoRepair
0x450daa	BuildingClass_UpdateAnimations_RefineryActiveAnim
0x451033	BuildingClass_AnimationAI_SuperAnim
0x4511d6	BuildingClass_AnimationAI_SellBuildup
0x451242	BuildingClass_AnimationAI_TurretAnim
0x451630	BuildingClass_CreateUpgradeAnims_AnimIndex
0x45189d	BuildingClass_AnimUpdate_Upgrades
0x4519a2	BuildingClass_UpdateAnim_SetParentBuilding
0x451abc	BuildingClass_PlayAnim_Airstrike
0x452041	BuildingClass_452000_Airstrike
0x452678	BuildingClass_CanUpgrade_UpgradeBuildings
0x45387a	BuildingClass_FireOffset_Replace_MuzzleFix
0x454174	BuildingClass_Load_LightSource
0x45455b	BuildingClass_VisualCharacter_CloakVisibility
0x4555e4	BuildingClass_IsPowerOnline_Overpower
0x455d50	BuildingClass_AssignDestination_SyncLog
0x45670d	BuildingClass_GetRadialIndicatorRange_Extras
0x456776	BuildingClass_DrawRadialIndicator_Visibility
0x456e5a	BuildingClass_Flash_Airstrike
0x457855	BuildingClass_IsReadyToCloak_Sensors
0x4579a5	BuildingClass_ShouldNotCloak_Sensors
0x458060	BuildingClass_ClearOccupants_Redraw
0x458180	BuildingClass_RemoveOccupants_CheckWhenNoPlaceToUnload
0x458623	BuildingClass_KillOccupiers_Replace_MuzzleFix
0x459069	BuildingClass_UpdateTankBunker_CheckOccupants
0x459101	BuildingClass_UpdateTankBunker_RotateToTrack
0x4593c7	BuildingClass_DestroyTankBunker
0x459494	BuildingClass_BunkerSound
0x4596ec	BuildingClass_UnloadTankBunker
0x45e50c	BuildingTypeClass_CTOR
0x45e732	BuildingTypeClass_DTOR
0x45ef3a	BuildingTypeClass_FlushForPlacement_BuildableTerrain
0x460285	BuildingTypeClass_LoadFromINI_Muzzle
0x464749	BuildingTypeClass_ReadINI_PowerUpAnims
0x464a49	BuildingTypeClass_LoadFromINI
0x465d40	BuildingTypeClass_IsVehicle
0x4664ba	BulletClass_CTOR
0x466556	BulletClass_Init
0x4665e9	BulletClass_DTOR
0x4666f7	BulletClass_AI
0x466897	BulletClass_AI_Trailer
0x4668bd	BulletClass_AI_Interceptor_InvisoSkip
0x46703e	BulletClass_AI_SkipBridgeCheck1
0x4671b9	BulletClass_AI_ApplyGravity
0x46745c	BulletClass_AI_Position_Trajectories
0x4674d4	BulletClass_AI_SkipBridgeCheck2
0x4677d3	BulletClass_AI_TargetCoordCheck_Trajectories
0x467927	BulletClass_AI_TechnoCheck_Trajectories
0x467ab2	BulletClass_AI_Parabomb
0x467b8e	BulletClass_AI_Ranged
0x467cca	BulletClass_AI_TargetSnapChecks
0x467e53	BulletClass_AI_PreDetonation_Trajectories
0x4683f2	BulletClass_Draw_ZAdjust
0x468503	BulletClass_PointerExpired_OwnerFix
0x4687f8	BulletClass_Unlimbo_FlakScatter
0x4688a9	BulletClass_Unlimbo_Obstacles
0x468b72	BulletClass_Unlimbo_Trajectories
0x468c86	BulletClass_ShouldExplode_Obstacles
0x468d3f	BulletClass_ShouldExplode_AirTarget
0x468e61	BulletClass_Explode_TargetSnapChecks1
0x468e9f	BulletClass_Explode_TargetSnapChecks2
0x468eb3	BulletClass_Explodes_AirburstCheck1
0x468ff4	BulletClass_Explodes_AirburstCheck2
0x46902c	BulletClass_Explode_Cluster
0x4690c1	BulletClass_Logics_DetonateOnAllMapObjects
0x4690d4	BulletClass_Logics_NewChecks
0x469150	BulletClass_Detonate_ApplyRadiation
0x46920b	BulletClass_Detonate
0x4692bd	BulletClass_Logics_ApplyMindControl
0x469453	BulletClass_Logics_TemporalUnderGround
0x46954c	BulletClass_Logics_IsLocomotor_Bunker
0x4696ce	BulletClass_Detonate_ImbueLocomotor
0x469a75	BulletClass_Logics_DamageHouse
0x469aa4	BulletClass_Logics_Extras
0x469b44	BulletClass_Logics_LandTypeCheck
0x469c46	BulletClass_Logics_DamageAnimSelected
0x469d1a	BulletClass_Logics_Debris
0x469ec0	BulletClass_Logics_AirburstWeapon
0x46a3d6	BulletClass_Shrapnel_Forced
0x46a4fb	BulletClass_Shrapnel_Targeting
0x46ade0	BulletClass_ApplyRadiation_Unused
0x46b0e1	BulletClass_DrawAVXL_LightingFix
0x46b19b	BulletClass_DrawVoxel_GetLightConvert
0x46b212	BulletClass_DrawVoxel_SetLightConvert
0x46b23c	BulletClass_DrawVoxel_SetLightConvert2
0x46b3e6	BulletClass_NukeMaker_BulletParams
0x46bdd9	BulletTypeClass_CTOR
0x46c41c	BulletTypeClass_LoadFromINI
0x46c8b6	BulletTypeClass_SDDTOR
0x471c90	CaptureManagerClass_CanCapture
0x471d40	CaptureManagerClass_CaptureUnit
0x471ff0	CaptureManagerClass_FreeUnit
0x4721e6	CaptureManagerClass_DrawLinkToVictim
0x4722aa	CaptureManagerClass_CannotControlAnyMore_ControlledCount
0x4726c7	CaptureManagerClass_IsOverloading_ControlledCount
0x474230	CCINIClass_Load_Inheritance
0x478e10	CCToolTip_Draw1
0x478e30	CCToolTip_Draw2
0x478e4a	CCToolTip_Draw2_SetSurface
0x478ee1	CCToolTip_Draw2_SetBuffer
0x478ef8	CCToolTip_Draw2_SetMaxWidth
0x478f52	CCToolTip_Draw2_SetX
0x478f77	CCToolTip_Draw2_SetY
0x478fdc	CCToolTip_Draw2_FillRect
0x479029	CCToolTip_Draw2_SetPadding
0x47bb60	CellClass_DTOR
0x47bda1	CellClass_CTOR
0x47c065	CellClass_CellColor_TerrainRadarColor
0x47c210	CellClass_CellColor_TiberiumRadarColor
0x47c640	CellClass_CanThisExistHere_IgnoreSomething
0x47da74	CellClass_RecalcAttributes_TileAnimDrawer
0x47eaf7	CellClass_RemoveContent_BeforeUnmarkOccupationBits
0x47efae	CellClass_Draw_It_SetPlacementGridTranslucency
0x47f71d	CellClass_DrawOverlay_ZAdjust
0x47f974	CellClass_DrawOverlay_Walls
0x480552	CellClass_AttachesToNeighbourOverlay_Gate
0x480ea8	CellClass_DamageWall_AdjacentWallDamage
0x481778	CellClass_ScatterContent_Scatter
0x481bb8	CellClass_GoodieCheck_FreeMCV
0x481c27	CellClass_GoodieCheck_UnitCrateVehicleCap
0x481f9d	CellClass_SpringCrate_RevealMap
0x4821bd	CellClass_GoodieCheck_CrateGoodie
0x4834e5	CellClass_IsClearToMove_BridgeEdges
0x483811	CellClass_SpreadTiberium_TiberiumType
0x48381d	CellClass_SpreadTiberium_CellSpread
0x4839f0	CellClass_SaveLoad_Prefix
0x483c00	CellClass_Load_Suffix
0x483c79	CellClass_Save_Suffix
0x483d8e	CellClass_CheckPassability_DestroyableObstacle
0x483ddf	CellClass_CheckPassability_PassableTerrain
0x4891af	GetTotalDamage_NegativeDamageModifiers1
0x48922d	GetTotalDamage_NegativeDamageModifiers2
0x489286	MapClass_DamageArea
0x4893c3	MapClass_DamageArea_DamageAir
0x489416	MapClass_DamageArea_CheckHeight_1
0x489430	MapClass_DamageArea_Cylinder_1
0x4894c1	MapClass_DamageArea_Cylinder_2
0x489671	Damage_at_Cell_Update_Veinhole
0x4896bf	DamageArea_DamageItemsFix1
0x4896ec	Explosion_Damage_DamageSelf
0x489710	MapClass_DamageArea_CheckHeight_2
0x48979c	MapClass_DamageArea_Cylinder_3
0x4897c3	MapClass_DamageArea_Cylinder_4
0x48985a	MapClass_DamageArea_Cylinder_5
0x4898bf	MapClass_DamageArea_Cylinder_6
0x489968	Explosion_Damage_PenetratesIronCurtain
0x4899b3	DamageArea_DamageItemsFix2
0x4899da	MapClass_DamageArea_DamageUnderGround
0x489a1b	DamageArea_DamageBuilding_SkipVanillaBuildingDamage
0x489b49	MapClass_DamageArea_Rocker
0x489bdb	DamageArea_RockerItemsFix1
0x489e47	DamageArea_RockerItemsFix2
0x48a444	AreaDamage_Particle_LightFlashSet
0x48a47e	AreaDamage_Particle_LightFlashUnset
0x48a4f3	SelectDamageAnimation_NegativeZeroDamage
0x48a551	WarheadTypeClass_AnimList_SplashList
0x48a5b3	SelectDamageAnimation_CritAnim
0x48a5bd	SelectDamageAnimation_PickRandom
0x48a62e	DoFlash_CombatLightOptions
0x48ce85	MainGame_ShowBriefing
0x48dc90	MapClass_UnselectAll_ClearLimboLaunchers
0x4a25e0	CreditsClass_GraphicLogic_HarvesterCounter
0x4a26e8	CreditClass_AI_SmoothDisable
0x4a2729	CreditClass_AI_CreditsStepClamp
0x4a757b	DiskLaser_Circle
0x4a7696	DiskLaser_Update_ActivateMainBeam_Tracking
0x4a8f3e	DisplayClass_BuildingProximityCheck_BeforeChecks
0x4a8fd7	DisplayClass_BuildingProximityCheck_BuildArea
0x4aac92	TacticalGadgetClass_Action_ResetMessageColumnStatus
0x4ac534	DisplayClass_ComputeStartPosition_IllegalCoords
0x4ac9b2	MouseClass_ToggleBeaconMode_AllUsed
0x4ad097	DisplayClass_ReadIni_LoadVeinholeArt
0x4ade55	Sub_4ADCD0_RevealToAll_UpdateSight
0x4ae51e	DisplayClass_GetToolTip_HelpText
0x4ae670	DisplayClass_GetToolTip_EnemyUIName
0x4ae95e	DisplayClass_sub_4AE750_DisallowBuildingNonAttackPlanning
0x4b079d	DriveLocomotionClass_Process_MakesWake
0x4b08ef	DriveLocomotionClass_Process_CheckUnload
0x4b1146	SomeLocomotionClass_WhileMoving_SkipCrushSlowDown
0x4b1150	DriveLocomotionClass_WhileMoving_CrushSlowdown
0x4b19f7	DriveLocomotionClass_WhileMoving_CrushTilt
0x4b3df0	LocomotionClass_Process_DamagedSpeedMultiplier
0x4b5b70	DroppodLocomotionClass_ILoco_Process
0x4b607d	DroppodLocomotionClass_ILoco_MoveTo
0x4c1e42	EBolt_CTOR
0x4c1f33	EBolt_Draw_Colors
0x4c20bc	EBolt_DrawArcs
0x4c24c3	EBolt_DrawFirst_Color
0x4c25d0	EBolt_DrawSecond_Color
0x4c26d5	EBolt_DrawThird_Color
0x4c285d	EBolt_DrawAll_BurstIndex
0x4c2951	EBolt_DTOR
0x4c299f	EBolt_DrawAll_EndOfLife
0x4c2a02	EBolt_DestroyVector
0x4c6185	EvadeClass_CarryOverShit_Globals
0x4c6217	EvadeClass_DoShit_Globals
0x4c6cc8	Networking_RespondToEvent
0x4c6cf0	EventClass_RespondToEvent_CheckControllability
0x4c6f55	EventClass_Execute_Sell
0x4c72f2	EventClass_Execute_AircraftAreaGuard_Unlink
0x4c7403	EventClass_Execute_AircraftAreaGuard
0x4c7462	EventClass_Execute_MegaMission_MoveCommand
0x4c7512	EventClass_Execute_StopCommand
0x4c75da	EventClass_RespondToEvent_Stop
0x4c77e4	EventClass_Execute_DeployCommand
0x4c9300	FacingClass_Set_SyncLog
0x4c9c7b	FactoryClass_QueueProduction_ForceCheckBuilding
0x4ca07a	FactoryClass_AbandonProduction_Phobos
0x4ca0a1	FactoryClass_Abandon_NavalProductionFix
0x4cd54c	FlyLocomotionClass_EdgeOfTheWorldAI_Paradrop
0x4cd797	FlyLocomotionClass_CrashDescent_OffMap
0x4cda78	FlyLocomotionClass_MovementAI_SpeedModifiers
0x4ce42a	FlyLocomotionClass_StateUpdate_NoLanding
0x4ce4bf	FlyLocomotionClass_4CE4B0_SpeedModifiers
0x4ceb59	FlyLocomotionClass_ProcessLanding_ForceDropship
0x4ceb7e	FlyLocomotionClass_ProcessLanding_DropshipAnim
0x4cec31	FlyLocomotionClass_ProcessLanding_CarryallAnim
0x4cf190	FlyLocomotionClass_FlightUpdate_SetPrimaryFacing
0x4cf31c	FlyLocomotionClass_FlightUpdate_LandingDir
0x4cf3d0	FlyLocomotionClass_FlightUpdate_SetFlightLevel
0x4cf3f9	FlyLocomotionClass_FlightUpdate_FixFlightLevel
0x4cf68d	FlyLocomotionClass_DrawMatrix_OnAirport
0x4cf8b1	FlyLocomotionClass_Draw_Point_NoWobbles
0x4d4203	FootClass_MissionMove_EndCheckFix1
0x4d4221	FootClass_MissionMove_EndCheckFix2
0x4d4b43	FootClass_Mission_Capture
0x4d4cd3	FootClass_Mission_Eaten_Grinding
0x4d580b	FootClass_ApproachTarget_DeployToFire
0x4d5fbd	FootClass_ApproachTarget_BeforeSearching
0x4d62c0	FootClass_ApproachTarget_CheckArcCell
0x4d6874	FootClass_ApproachTarget_NextRadius
0x4d6d34	FootClass_MissionAreaGuard_Miner
0x4d6f66	FootClass_ElectricAssultFix_SetWeaponType
0x4d6fe1	FootClass_ElectricAssultFix2
0x4d7221	FootClass_Unlimbo_LaserTrails
0x4d73de	FootClass_ReceiveDamage_RemoveParasite
0x4d7431	FootClass_ReceiveDamage_DyingFix
0x4d7493	FootClass_ReceiveDamage_Nonprovocative
0x4d77bd	FootClass_ObjectClickedAction_NoMove
0x4d8606	FootClass_UpdatePosition_Sensors
0x4d8f40	FootClass_OverrideMission_SyncLog
0x4d92bf	FootClass_Mission_Enter_CheckLink
0x4d9510	FootClass_SetDestination_OpenToppedFireWhileMoving
0x4d962b	FootClass_SetDestination_RecycleFLH
0x4d9a1b	FootClass_PointerExpired_RemoveDestination
0x4d9f7b	FootClass_Sell
0x4da230	FootClass_CanBeRecruited
0x4da54e	FootClass_AI
0x4da59f	FootClass_AI_Radiation
0x4da8a0	FootClass_Update_AfterLocomotorProcess
0x4da9f3	FootClass_AI_DeployToLand
0x4dad06	FootClass_AI_IsCrashing_VoiceAndSound
0x4db218	FootClass_GetMovementSpeed_SpeedMultiplier
0x4db36c	FootClass_Limbo_RemoveSensors
0x4db874	FootClass_SetLocation_Extra
0x4dbee7	FootClass_SetOwningHouse_RemoveSensors
0x4dcf86	FootClass_FindTiberium_SubterraneanHarvester
0x4ddb23	FootClass_FindWeeds_SubterraneanHarvester
0x4ddd66	FootClass_IsLandZoneClear_ReplaceHardcode
0x4de722	FootClass_LeaveTransport
0x4de839	FootClass_AddSensorsAt_Record
0x4deaee	FootClass_IronCurtain_Organics
0x4debc4	FootClass_Crash_PreplacedAircraft
0x4dec7f	FootClass_Crash_FallingDownFix
0x4decbb	FootClass_Crash_Spin
0x4defc6	FootClass_FindDock_SubterraneanHarvester
0x4df3a0	FootClass_UpdateAttackMove_SelectNewTarget
0x4df3a6	FootClass_UpdateAttackMove_Follow
0x4df3ba	FootClass_UpdateAttackMove_AircraftHoldAttackMoveTarget1
0x4df410	FootClass_UpdateAttackMove_TargetAcquired
0x4df42a	FootClass_UpdateAttackMove_AircraftHoldAttackMoveTarget2
0x4df4a5	FootClass_UpdateAttackMove_SetTarget
0x4df4db	TechnoClass_RefreshMegaMission_CheckMissionFix
0x4dfabd	FootClass_Try_Grinding_CheckIfAllowed
0x4dfb28	FootClass_FindGrinder_CheckValid
0x4dfc39	FootClass_FindBioReactor_CheckValid
0x4dfc83	FootClass_EnterBioReactor_NoQueueUpToUnload
0x4dfd92	FootClass_FindBattleBunker_CheckValid
0x4dfed2	FootClass_FindGarrisonStructure_CheckValid
0x4e0024	FootClass_FindTankBunker_CheckValid
0x4e1a84	GadgetClass_DTOR_ClearCurrentOverGadget
0x4f43be	GScreenClass_GetInputAndUpdate_CheckHoverState
0x4f4583	GScreenClass_DrawText
0x4f4589	GScreenClass_NewMessageListDraw
0x4f6532	HouseClass_CTOR
0x4f7371	HouseClass_DTOR
0x4f7877	HouseClass_CanBuild_UpgradesInteraction_WithoutAres
0x4f8361	HouseClass_CanBuild_UpgradesInteraction
0x4f8acc	HouseClass_Update_ResetTeamDelay
0x4f9038	HouseClass_AI_Superweapons
0x4f91a4	HouseClass_AI_BuildingProductionCheck
0x4f9250	HouseClass_AI_NavalProductionFix
0x4f92fb	HouseClass_UpdateTechTree_SWSidebar
0x4fa520	HouseClass_BeginProduction_SkipBuilding
0x4fa612	HouseClass_BeginProduction_ForceRedrawStrip
0x4faad8	HouseClass_AbandonProduction_RewriteForBuilding
0x4fb2de	HouseClass_PlaceObject_HotkeyFix
0x4fb63a	HouseClass_UnitFromFactory_DisablingEVAUnitReady
0x4fb64b	HouseClass_UnitFromFactory_VoiceCreated
0x4fb6fc	HouseClass_JustBuilt_NavalProductionFix
0x4fcd66	HouseClass_WinLoseTheme
0x4fd166	HouseClass_RecalcCenter_SetContext
0x4fd1cd	HouseClass_RecalcCenter_LimboDelivery
0x4fd538	HouseClass_AIHouseUpdate_CheckAIBaseCenter
0x4fd616	HouseClass_UpdateAI_DontAngerOnAlly
0x4fd635	HouseClass_UpdateAI_DistCalcFix
0x4fd772	HouseClass_ClearForceEnemy
0x4fd77c	HouseClass_ExpertAI_Superweapons
0x4fd8f7	HouseClass_UpdateAI_OnLastLegs
0x4fe0a3	HouseClass_AI_RaiseMoney_NavalProductionFix
0x4ff9c9	HouseClass_ExcludeFromMultipleFactoryBonus
0x500910	HouseClass_GetFactoryCount
0x50114d	HouseClass_InitFromINI
0x502a80	HouseClass_RegisterGain
0x5047d0	HouseClass_UpdateAngerNodes_SetForceEnemy
0x508d8d	HouseClass_UpdatePower_AfterBuildings
0x508e17	HouseClass_UpdateRadar_FreeRadar
0x508f82	HouseClass_AI_CheckSpySat_IncludeUpgrades
0x50b669	HouseClass_ShouldDisableCameo_GreyCameo
0x50bf60	HouseClass_CalculateCostMultipliers
0x50c186	GetHouseIndexFromName_PlayerAtX
0x511635	HouseTypeClass_CTOR_1
0x511643	HouseTypeClass_CTOR_2
0x51214f	HouseTypeClass_LoadFromINI
0x5127cf	HouseTypeClass_DTOR
0x513d2c	HoverLocomotionClass_ProcessBobbing_DeployToLand2
0x513eaf	HoverLocomotionClass_ProcessBobbing_DeployToLand1
0x514a2a	HoverLocomotionClass_Process_DeployToLand
0x514a32	HoverLocomotionClass_Process_MakesWake
0x514ab4	Locomotion_Process_Wake
0x514c07	HoverLocomotionClass_Process_HoverShutdown
0x514e05	HoverLocomotionClass_MoveTo_DeployToLand
0x517a60	InfantryClass_CTOR
0x517f81	InfantryClass_DTOR
0x518434	InfantryClass_ReceiveDamage_SkipDeathAnim
0x518505	InfantryClass_ReceiveDamage_NotHuman
0x518fc8	InfantryClass_Draw_TintColor
0x519168	InfantryClass_Draw_Droppod
0x51933b	InfantryClass_DrawIt_LevelIntensity
0x51946d	InfantryClass_Draw_TintIntensity
0x5194ef	InfantryClass_DrawIt_DrawShadow
0x519776	InfantryClass_UpdatePosition_NoQueueUpToEnter
0x519790	InfantryClass_PerCellProcess_SkipDieSoundBeforeGrinding
0x51986a	InfantryClass_UpdatePosition_Grinding_Parasite
0x5198b3	InfantryClass_PerCellProcess_DoGrindingExtras
0x5198c3	FootClass_UpdatePosition_EnterGrinderSound
0x519f71	InfantryClass_UpdatePosition_BeforeBuildingChangeHouse
0x519fec	InfantryClass_UpdatePosition_EngineerRepair
0x51a002	InfantryClass_UpdatePosition_InfiltrateBuilding
0x51a298	InfantryClass_UpdatePosition_EnterBuilding_CheckSize
0x51a304	InfantryClass_UpdatePosition_EnterBioReactor
0x51a996	InfantryClass_PerCellProcess_KillOnImpassable
0x51aa40	InfantryClass_AssignDestination_SyncLog
0x51ab5c	InfantryClass_SetDestination_JJInfFix
0x51b1f0	InfantryClass_AssignTarget_SyncLog
0x51b20e	InfantryClass_AssignTarget_FireOnce
0x51b2bd	InfantryClass_UpdateTarget_IsControlledByHuman
0x51bafb	InfantryClass_ChronoSparkleDelay
0x51bb6e	TechnoClass_AI_TemporalTargetingMe_Fix
0x51bfa2	InfantryClass_IsCellOccupied_Start
0x51c1f1	InfantryClass_CanEnterCell_WallWeapon
0x51d45b	InfantryClass_Scatter_NoProcess
0x51d7e0	InfantryClass_DoAction_Water
0x51df82	InfantryClass_FireAt_ReloadInTransport
0x51e0e5	InfantryClass_Unlimbo_DynamicSight
0x51e462	InfantryClass_WhatAction_ObjectClass_SkipBomb
0x51e4fb	InfantryClass_WhatAction_ObjectClass_EnigneerEnterBuilding
0x51e63a	InfantryClass_WhatAction_Grinding_Engineer
0x51eae0	TechnoClass_WhatAction_AllowAirstrike
0x51ecc0	InfantryClass_WhatAction_ObjectClass_IsAreaFire
0x51ee36	InfantryClass_MouseOvetObject_NoQueueUpToEnter
0x51ee6b	InfantryClass_WhatAction_ObjectClass_InfiltrateForceAttack
0x51f0af	InfantryClass_WhatAction_Grinding
0x5206d2	InfantryClass_FiringAI_SetContext
0x5206e4	InfantryClass_FiringAI_SetFireError
0x520888	InfantryClass_UpdateFiring_IsSecondary
0x5209af	InfantryClass_FiringAI
0x5209ee	InfantryClass_UpdateFiring_BurstNoDelay
0x520ad2	InfantryClass_FiringAI_NoTarget
0x520ad9	InfantryClass_FiringAI_IsGattling
0x520b3e	InfantryClass_DoingAI_DeployConvert_Deploy
0x520b99	InfantryClass_DoingAI_DeployConvert_Undeploy
0x520e75	InfantryClass_DoingAI_DeployConvert_ResetFlags
0x5213b4	InfantryClass_AIDeployment_CheckRad
0x521417	InfantryClass_AIDeployment_DeployWeapon
0x521478	InfantryClass_AIDeployment_FireNotOKCloakFix
0x52182a	InfantryClass_MarkAllOccupationBits_SetOwnerIdx
0x5218c2	InfantryClass_UnmarkAllOccupationBits_ResetOwnerIdx
0x5218f3	InfantryClass_WhatWeaponShouldIUse_DeployFireWeapon
0x521d94	InfantryClass_CurrentSpeed_ProneSpeed
0x522373	InfantryClass_ApproachTarget_InfantryAutoDeploy
0x5223b3	InfantryClass_Approach_Target_DeployFireWeapon
0x522790	InfantryClass_ClearDisguise_DefaultDisguise
0x522d50	InfantryClass_SlaveGiveMoney_RecordBalanceBefore
0x522e4f	InfantryClass_SlaveGiveMoney_CheckBalanceAfter
0x5236b3	InfantryTypeClass_CTOR
0x523af0	InfantryTypeClass_DTOR
0x524734	InfantryTypeClass_ReadINI
0x52473f	InfantryTypeClass_LoadFromINI
0x524b53	InfantryTypeClass_Load
0x5276d0	INIClass_ReadInt_Overwrite
0x527920	INIClass_ReadGUID_Overwrite
0x5283d0	INIClass_ReadDouble_Overwrite
0x528bac	INIClass_GetString_Inheritance_NoEntry
0x5295f0	INIClass_ReadBool_Overwrite
0x529880	INIClass_ReadPoint2D_Overwrite
0x529ca0	INIClass_ReadPoint3D_Overwrite
0x52d149	InitRules_PostInit
0x52d21f	InitRules_ThingsThatShouldntBeSerailized
0x52f639	_YR_CmdLineParse
0x533066	CommandClassCallback_Register
0x533f50	Game_ScrollSidebar_Skip
0x5349a5	Map_ClearVectors_Veinhole
0x534fa7	Prep_For_Side
0x535005	ScenarioClass_LoadSide_SetEVAIndex
0x536fa0	ToggleRepariModeCommandClass_Execute_PlayerAutoRepair
0x5370a0	BeaconPlacementCommandClass_ExecuteSub_Start
0x53ad85	IonStormClass_AdjustLighting_ColorSchemes
0x53b276	PsyDom_Fire_Select
0x546c95	IsometricTileTypeClass_ReadINI_LunarFixes
0x54ad41	JumpjetLocomotionClass_Link_To_Object_LocomotorWarhead
0x54ae44	JumpjetLocomotionClass_LinkToObject_FixFacing
0x54b3e7	JumpjetLocomotionClass_Move_To_LocomotorWarheadFix
0x54bbd0	JumpjetLocomotionClass_Ascending_JumpjetStraightAscend
0x54bc99	JumpjetLocomotionClass_Ascending_BarracksExitCell
0x54c036	JumpjetLocomotionClass_State3_UpdateSensors
0x54c58e	JumpjetLocomotionClass_Descending_PathfindingChecks
0x54c76d	JumpjetLocomotionClass_Descending_DeployDir
0x54cb0e	JumpjetLocomotionClass_State5_CrashSpin
0x54cc16	JumpjetLocomotionClass_CrashDescent_OffMap
0x54cc9c	JumpjetLocomotionClass_ProcessCrashing_DropFix
0x54d06f	JumpjetLocomotionClass_ProcessCrashing_RemoveSensors
0x54d138	JumpjetLocomotionClass_Movement_AI_SpeedModifiers
0x54d208	JumpjetLocomotionClass_MovementAI_EMPWobble
0x54d326	JumpjetLocomotionClass_MovementAI_CrashSpeedFix
0x54d4c0	JumpjetLocomotionClass_sub_54D0F0_NoStuck
0x54d600	JumpjetLocomotionClass_MovementAI_JumpjetStraightAscend
0x54d820	JumpjetLocomotionClass_GetFloorZ_SetContext
0x54d827	JumpjetLocomotionClass_sub_54D820_PredictHeight
0x54d859	JumpjetLocomotionClass_GetFloorZ_IgnoreBuilding
0x54dac4	JumpjetLocomotionClass_EndPiggyback_Blyat
0x54fe60	LaserDrawClass_CTOR_Update
0x54ffb0	LaserDrawClass_DTOR_Tracking
0x550173	LaserDrawClass_Update_Tracking
0x550d1f	LaserDrawClass_DrawInHouseColor_Context_Set
0x550f47	LaserDrawClass_DrawInHouseColor_BetterDrawing
0x552f79	LoadProgressManager_Draw_MissingLoadingScreenDefaults
0x552fcb	LoadProgressMgr_Draw_PCXLoadingScreen_Campaign
0x5535d0	LoadProgressMgr_Draw_PCXLoadingScreen
0x558f4e	LoadOptionClass_Dialog_CenterListBox
0x55b4e1	LogicClass_Update_BeforeAll
0x55b5ff	LogicClass_AI_UpdateObjects
0x55bb09	LogicClass_RemoveObject_FixIndex
0x55d14f	AuxLoop_ShowBriefing
0x55d360	MainLoop_FrameStep_Begin
0x55dbcd	MainLoop_SaveGame
0x55dda0	MainLoop_FrameStep_NewMessageListManage
0x55ded5	MainLoop_FrameStep_End
0x55e160	SyncDelay_Start
0x55e33b	SyncDelay_End
0x55e477	Game_ComScenarioDialog_ChatBox
0x55e62f	Game_ComScenarioDialog_ChatBox2
0x55e693	Game_ComScenarioDialog_ChatBox3
0x55e746	Game_ComScenarioDialog_ChatBox4
0x55f1f8	MPDebugPrint_CheckDrawFlag
0x565bc0	MapClass_InitCells
0x5663fc	MapClass_SetMapDimensions_ReinitCell
0x566ab7	MapClass_SetMapDimensions_PostRestore
0x568432	MapClass_PlaceDown_0x0TerrainTypes
0x5684b1	MapClass_PlaceDown_BuildableTerrain
0x56bd8b	MapClass_PlaceRandomCrate_Sampling
0x577aff	MapClass_ResetShroud_CellCheck
0x577bf1	MapClass_ResetShroudForTMission_CellCheck
0x586780	MapClass_IsAreaFree
0x5885d1	MapClass_BuildingToFirestormWall_SkipExtraWalls
0x5887c1	MapClass_BuildingToWall_SkipExtraWalls
0x5b11dd	MechLocomotionClass_ProcessMoving_SlowdownDistance
0x5c49a7	MPCooperative_5C46E0_FPS
0x5d46c7	MessageListClass_Input
0x5f3e78	ObjectClass_AI_UpdateAlphaShape
0x5f3f86	ObjectClass_Update_Track
0x5f4021	ObjectClass_Update_FallingDown_ToDead
0x5f4160	ObjectClass_DropAsBomb_Track
0x5f46ae	ObjectClass_Select
0x5f4fef	ObjectClass_Unlimbo_UpdateTerrain
0x5f5053	ObjectClass_Unlimbo_AlphaImage
0x5f530b	ObjectClass_Disappear_AnnounceExpiredPointer
0x5f53aa	ObjectClass_ReceiveDamage_DyingFix
0x5f5416	ObjectClass_ReceiveDamage_CanC4DamageRounding
0x5f5480	ObjectClass_ReceiveDamage_FlashDuration
0x5f57a9	SetDisappearContext
0x5f57cf	ObjectClass_ReceiveDamage_Nonprovocative
0x5f5965	ObjectClass_SpawnParachuted_Track
0x5f5a62	ObjectClass_SpawnParachuted_BombParachute
0x5f5c80	ObjectClass_SetHealthPercentage_Round
0x5f6609	ObjectClass_UnInit_RefreshSidebar
0x5facdf	OptionsClass_LoadSettings_LoadPhobosSettings
0x5fd2b6	OverlayClass_Unlimbo_SkipTerrainCheck
0x5fd2e0	OverlayClass_ReadINI
0x5fd6a0	OverlayClass_WriteINI
0x5fe3a2	OverlayTypeClass_CTOR
0x5fea11	OverlayTypeClass_LoadFromINI
0x5fef61	OverlayTypeClass_SDDTOR
0x604985	GetDialogUIStatusLabels_ShowBriefing
0x61510e	WWUI_NewEditCtrl
0x623a9f	DSurface_sub_623880_DrawBitFontStrings
0x6298cc	ParasiteClass_AI_GrippleAnim
0x629c67	ParasiteClass_UpdateSquid_SinkableBySquid
0x629e9b	ParasiteClass_GrappleUpdate_MakeWake_SetContext
0x629fa3	ParasiteClass_GrappleUpdate_MakeWake
0x62a0aa	ParasiteClass_AI_CullingTarget
0x62a0d3	ParasiteClass_AI_ParticleSystem
0x62aa32	ParasiteClass_TryInfect_MissBehaviorFix
0x62ab69	ParasiteClass_CanExistOnVictimCell_AllowWaterExit
0x62b8bc	ParticleClass_CTOR_CoordAdjust
0x62be30	ParticleClass_Gas_AI_DriftSpeed
0x62d685	ParticleSystemClass_Fire_Coords
0x62e08b	ParticleSystemClass_DTOR_DetachAttachedSystem
0x62fa41	ParticleSystemClass_FireAI_TargetCoords
0x62ffbb	ParticleSystemClass_Load_OwnerHouse
0x638f1e	PlanningNodeClass_UpdateHoverNode_FixCheckValidity
0x638f70	PlanningNodeClass_UpdateHoverNode_SkipDuplicateLog
0x63fb5d	PowerClass_DrawIt
0x6403df	PowerClass_InitGUI
0x640b8d	LoadingScreen_DisableEmptySpawnPositions
0x640e78	LoadingScreen_DisableColorPoints
0x641b41	LoadingScreen_SkipPreview
0x641ee0	PreviewClass_ReadPreview
0x644215	ParticleSystemTypeClass_CTOR
0x644615	ParticleSystemTypeClass_LoadFromINI
0x644986	ParticleSystemTypeClass_SDDTOR
0x644dbb	ParticleTypeClass_CTOR
0x6453ff	ParticleTypeClass_LoadFromINI
0x645a3b	ParticleTypeClass_DTOR
0x64736d	Queue_AI_WriteDesyncLog
0x64b6fe	sub_64B660_GetEventSize
0x64be7d	sub_64BDD0_GetEventSize1
0x64c30e	sub_64BDD0_GetEventSize2
0x64cd11	ExecuteDoList_WriteDesyncLog
0x64d575	Game_PreProcessMegaMissionList_CheckForTargetCrdRecal2
0x64d592	Game_PreProcessMegaMissionList_CheckForTargetCrdRecal1
0x64d5c5	Game_PreProcessMegaMissionList_CheckForTargetCrdRecal3
0x652eab	RadarClass_InitForHouse
0x655ddd	RadarClass_ProcessPoint_RadarInvisible
0x65b28d	RadSiteClass_CTOR
0x65b2f4	RadSiteClass_DTOR
0x65b63e	RadSiteClass_Activate_LightFactor
0x65b6f2	RadSiteClass_Activate_TintFactor
0x65b843	RadSiteClass_AI_LevelDelay
0x65b8b9	RadSiteClass_AI_LightDelay
0x65bac1	RadSiteClass_UpdateLevel
0x65bb67	RadSite_Deactivate
0x65c7d0	Random2Class_Random_SyncLog
0x65c88a	Random2Class_RandomRanged_SyncLog
0x65de82	TeamTypeClass_CreateTeamMembers_Veterancy
0x65df67	TeamTypeClass_CreateMembers_LoadOntoTransport
0x65e6db	HouseClass_SendParadrop_PickEdgeCell
0x65e73a	HouseClass_SendParadrop_PlaceAircraft
0x65e881	HouseClass_SendAirstrike_PickEdgeCell
0x65e97f	HouseClass_CreateAirstrike_SetTargetForUnit
0x65e997	HouseClass_SendAirstrike_PlaceAircraft
0x65eb2d	HouseClass_SendSpyPlane_PickEdgeCell
0x65eb8d	HouseClass_SendSpyPlane_PlaceAircraft
0x65f764	BriefingDialog_ShowBriefing
0x662354	RocketLocomotionClass_Process_CruiseMissileCheck
0x6623fc	RocketLocomotionClass_Process_CustomSmokeInterval
0x6624fb	RocketLocomotionClass_Process_CustomMissileTakeoff
0x662720	RocketLocomotionClass_Process_CruiseMissileRaise
0x66295a	RocketLocomotionClass_Process_IsHighEnoughForCruise
0x662fd5	RocketLocomotionClass_Process_OffMap
0x667a1d	RulesClass_CTOR
0x667a30	RulesClass_DTOR
0x668bf0	RulesClass_Addition
0x668f6a	RulesData_InitializeAfterAllLoaded
0x6744e4	RulesClass_ReadJumpjetControls_Extra
0x675205	RulesClass_Save_Suffix
0x675210	RulesClass_SaveLoad_Prefix
0x678841	RulesClass_Load_Suffix
0x679a10	SideClass_LoadAllFromINI
0x679a15	RulesData_LoadBeforeTypeData
0x679caf	RulesData_LoadAfterTypeData
0x67cef0	ScenarioClass_SaveGame_AdjustMPSaveFileName
0x67cf16	ScenarioClass_SaveGame_CopySpawnIni
0x67cf64	ScenarioClass_SaveGame_IncrementMPSaveIndex
0x67d04e	GameSave_SavegameInformation
0x67d32c	SaveGame_Phobos
0x67e44d	LoadGame_SetFlag
0x67e685	LoadGame_PostSwizzle_Phobos
0x67e68a	LoadGame_UnsetFlag
0x67e6da	LoadGame_AfterInit_DetermineNextMPSaveIndex
0x67e826	LoadGame_Phobos
0x67fdb1	LoadOptionsClass_GetFileInfo
0x683549	ScenarioClass_CTOR
0x683e41	ScenarioClass_Start_ShowBriefing
0x683e7f	ScenarioClass_Start_Optimizations
0x683f66	PauseGame_ShowBriefing
0x684cb7	Scen_Waypoint_Call_1
0x685354	ClearLotsOfShit_GlobalVariable
0x6855e4	Scen_Waypoint_Call_2
0x685659	Scenario_ClearClasses
0x685a38	ScenarioClass_sub_685670_SetNextScenario
0x685d95	DoWin_ShowBriefing
0x685eb1	PhobosSaveVariables
0x686092	DoLose_RetryDialogForCampaigns
0x6870d7	ReadScenario_MissionINI
0x6874e7	ScenarioClass_ReadINI_CellParsed
0x6876c2	ReadScenarioINI_Inlined_ReadGlobalVariables
0x687b18	ScenarioClass_ReadINI_StartTracking
0x6883b7	ScenStruct_ScenStruct_1
0x68843b	ScenStruct_ScenStruct_2
0x688f8c	ScenarioClass_ScanPlaceUnit_CheckMovement
0x68927b	ScenarioClass_ScanPlaceUnit_CheckMovement2
0x689310	ScenarioClass_SaveLoad_Prefix
0x68945b	ScenarioClass_Save_Suffix
0x689669	ScenarioClass_Load_Suffix
0x689670	ScenarioClass_SetGlobalToByID
0x689760	ScenarioClass_GetGlobalStateByID
0x689880	ScenarioClass_ReadGlobalVariables
0x689910	ScenarioClass_SetLocalToByID
0x689a00	ScenarioClass_GetLocalStateByID
0x689b20	ScenarioClass_ReadLocalVariables
0x689eb0	ScenarioClass_ReadMap_SkipHeaderInCampaign
0x68ad0c	ScenarioClass_ReadMap_SetEVAIndex
0x68ad2f	ScenarioClass_LoadFromINI
0x68af45	Scen_Waypoint_Call_4
0x68afe7	Scen_Waypoint_Call_3
0x68bcc0	ScenarioClass_Get_Waypoint_Location
0x68bce4	ScenarioClass_Get_Waypoint_Cell_0
0x68bd08	ScenarioClass_Get_Waypoint
0x68bd60	ScenarioClass_Clear_All_Waypoints
0x68bd80	ScenarioClass_Is_Waypoint_Valid
0x68bdc0	ScenarioClass_ReadWaypoints
0x68be90	ScenarioClass_Write_Waypoints
0x68bf30	ScenarioClass_Set_Default_Waypoint
0x68bf50	ScenarioClass_Set_Waypoint
0x68bf74	ScenarioClass_Get_Waypoint_Cell
0x68bf90	ScenarioClass_Get_Waypoint_As_String
0x68c4c4	GenerateColorSpread_ShadeCountSet
0x692419	DisplayClass_ProcessClickCoords_SkipOnNewButtons
0x692ad6	ScrollClass_ChooseAction_SellWall
0x69a317	SessionClass_PlayerColorIndexToColorSchemeIndex
0x69bae7	SessionClass_Resume_CampaignGameSpeed
0x69fe4a	ShipLocomotionClass_Process_MakesWake
0x69ffb6	ShipLocomotionClass_Process_CheckUnload
0x6a0813	ShipLocomotionClass_WhileMoving_CrushSlowdown
0x6a108d	ShipLocomotionClass_WhileMoving_CrushTilt
0x6a4609	SideClass_CTOR
0x6a499f	SideClass_SDDTOR
0x6a4f0b	SidebarClass_CTOR
0x6a5082	SidebarClass_InitClear_InitializeNewButtons
0x6a5090	SidebarClass_InitPositions
0x6a51e9	SidebarClass_InitGUI
0x6a5395	SidebarClass_InitIO_InitRepairButton
0x6a5839	SidebarClass_InitIO_InitializeNewButtons
0x6a593e	SidebarClass_InitForHouse_AdditionalFiles
0x6a5ea1	SidebarClass_UnloadShapes_AdditionalFiles
0x6a5f6e	SidebarClass_6A5F20_TabIndex
0x6a614d	SidebarClass_6A6140_TabIndex
0x6a6316	SidebarClass_AddCameo_SuperWeapon_SWSidebar
0x6a633d	SidebarClass_AddCameo_TabIndex
0x6a6eb1	SidebarClass_DrawIt_ProducingProgress
0x6a78f6	SidebarClass_Update_ToggleRepair
0x6a7ae1	SidebarClass_Update_RepairButton
0x6a8463	StripClass_OperatorLessThan_CameoPriority
0x6a84db	StripClass_OperatorLessThan_SortCameoByNameSW
0x6a86ed	StripClass_OperatorLessThan_SortCameoByNameTechno
0x6a9316	SidebarClass_StripClass_HelpText
0x6a9789	StripClass_DrawStrip_NoGreyCameo
0x6a99f3	StripClass_Draw_DrawMissing
0x6a9c54	StripClass_DrawStrip_FindFactoryDehardCode
0x6aa790	StripClass_RecheckCameo_RemoveCameo
0x6aa88d	StripClass_RecheckCameo_FindFactoryDehardCode
0x6ab689	SelectClass_Action_SkipBuildingProductionCheck
0x6abc9d	SidebarClass_GetObjectTabIndex_Super
0x6ac5da	SidebarClass_Load_Suffix
0x6ac5e0	SidebarClass_SaveLoad_Prefix
0x6ac5ea	SidebarClass_Save_Suffix
0x6ac67a	SidebarClass_6AC5F0_TabIndex
0x6ac82f	SidebarClass_DTOR
0x6b0b9c	SlaveManagerClass_Killed_DecideOwner
0x6b0c2c	SlaveManagerClass_FreeSlaves_SlavesFreeSound
0x6b6d44	SpawnManagerClass_Init_Spawns
0x6b7265	SpawnManagerClass_AI_UpdateTimer
0x6b7282	SpawnManagerClass_AI_PromoteSpawns
0x6b72fe	SpawnerManagerClass_AI_MissileCheck
0x6b73b9	SpawnManagerClass_AI_SpawnTimer
0x6b74f0	SpawnManagerClass_AI_UseTurretFacing
0x6b75ac	SpawnManagerClass_AI_SetDestinationForMissiles
0x6b7600	SpawnManagerClass_AI_InitDestination
0x6b77b4	SpawnManagerClass_Update_RecycleSpawned
0x6b78d3	SpawnManagerClass_Update_Spawns
0x6b7ce4	SpawnManagerClass_UnlinkPointer_RemoveSpawnee
0x6b9d9c	RGB_PCX_Loader
0x6bd68d	WinMain_PhobosRegistrations
0x6beb7d	ScenarioClass_DTOR
0x6cb5eb	SuperClass_Grant_ShowTimer
0x6cbd2c	SuperClass_AI_UseWeeds
0x6cbef4	SuperClass_AnimStage_UseWeeds
0x6cc1e6	SuperClass_SetSWCharge_UseWeeds
0x6cc390	SuperClass_Launch
0x6cde40	SuperClass_Place_FireExt
0x6ce6f6	SuperWeaponTypeClass_CTOR
0x6cee43	SuperWeaponTypeClass_LoadFromINI
0x6cefe0	SuperWeaponTypeClass_SDDTOR
0x6d3d10	TacticalClass_Render_BeforeAll
0x6d4455	Tactical_Render_UpdateLightSources
0x6d4656	TacticalClass_Draw_Veinhole
0x6d4684	TacticalClass_Draw_FlyingStrings
0x6d4992	TacticalClass_Render_DrawMissionTimer_TimeLeft
0x6d4a10	TacticalClass_Render_DrawSuperTimer_PercentageTimer
0x6d4b03	TacticalClass_Render_DrawBlackoutTimer_TimeLeft
0x6d4b25	TacticalClass_Render_Banner
0x6d4b50	PrintTimerOnTactical_Start
0x6d4c68	PrintTimerOnTactical_End
0x6d4cd9	PrintTimerOnTactical_BlinkColor
0x6d528a	TacticalClass_DrawPlacement_PlacementPreview
0x6d57c1	TacticalClass_DrawLaserFencePlacement_BuildableTerrain
0x6d6070	Tactical_SetTacticalPosition
0x6d9076	TacticalClass_RenderLayers_DrawBefore
0x6d9781	Tactical_RenderLayers_DrawInfoTipAndSpiedSelection
0x6daab2	TacticalClass_DrawRallyPointLines_NoUndeployBlyat
0x6dbe63	TacticalClass_DrawRadialIndicators_WeaponRange
0x6dbe74	Tactical_SuperLinesCircles_ShowDesignatorRange
0x6dbea3	TacticalClass_DrawRadialIndicator_Building_Extras
0x6dd8b0	TActionClass_Execute
0x6e2368	TActionClass_PlayAnimAt
0x6e2ea7	TActionClass_Retint_LightSourceFix
0x6e427d	TActionClass_CreateBuildingAt
0x6e8b46	TeamClass_CTOR
0x6e8ec6	TeamClass_DTOR
0x6e9443	TeamClass_AI
0x6e95b3	TeamClass_AI_MoveToCell
0x6ea6be	TeamClass_CanAddMember_Consideration
0x6ea870	TeamClass_LiberateMember_Start
0x6ea8e7	TeamClass_LiberateMember_Consideration
0x6ead73	TeamClass_RecruitMember_Consideration
0x6ed6e5	TeamClass_TMission_Deploy_DeploysInto
0x6ef57f	TeamClass_GetTaskForceMissingMemberTypes_Consideration
0x6efefb	TMission_ChronoShiftToBuilding_SuperWeapons
0x6f0008	TMission_ChronoShiftToBuilding_SWIndex
0x6f01b0	TMission_ChronoShiftToTarget_SuperWeapons
0x6f02ad	TMission_ChronoShiftToTarget_SWIndex
0x6f08e6	TeamTypeClass_CTOR
0x6f1528	TeamTypeClass_LoadFromINI
0x6f20d0	TeamTypeClass_DTOR
0x6f3339	TechnoClass_WhatWeaponShouldIUse_Interceptor
0x6f3360	TechnoClass_WhatWeaponShouldIUse_MultiWeapon
0x6f33cd	TechnoClass_WhatWeaponShouldIUse_ForceFire
0x6f3428	TechnoClass_WhatWeaponShouldIUse_ForceWeapon
0x6f3432	TechnoClass_WhatWeaponShouldIUse_Gattling
0x6f348f	TechnoClass_WhatWeaponShouldIUse_Airstrike
0x6f3528	TechnoClass_WhatWeaponShouldIUse_IsLocomotor
0x6f36db	TechnoClass_WhatWeaponShouldIUse
0x6f37eb	TechnoClass_WhatWeaponShouldIUse_AntiAir
0x6f398e	TechnoClass_CombatDamage_MultiWeapon
0x6f3aeb	TechnoClass_GetFLH
0x6f3e6e	TechnoClass_ActionLines_TurretMultiOffset
0x6f421c	TechnoClass_Init_DefaultDisguise
0x6f42f7	TechnoClass_Init
0x6f4500	TechnoClass_DTOR
0x6f4bb3	TechnoClass_ReceiveCommand_RequestUntether
0x6f4c50	TechnoClass_ReceiveCommand_NotifyUnlink
0x6f4d1a	TechnoClass_ReceiveCommand_Repair
0x6f5201	TechnoClass_DrawExtras_IvanBombImage
0x6f534e	TechnoClass_DrawExtras_Insignia
0x6f5e37	TechnoClass_DrawExtras_DrawHealthBar
0x6f64a9	TechnoClass_DrawHealthBar_Hide
0x6f65d1	TechnoClass_DrawHealthBar_Buildings
0x6f6637	TechnoClass_DrawHealthBar_HideBuildingsPips
0x6f67e8	TechnoClass_DrawHealthBar_PermanentPipScale
0x6f683c	TechnoClass_DrawHealthBar_Units
0x6f6ac4	TechnoClass_Limbo
0x6f6bc9	TechnoClass_Limbo_AddTracking
0x6f6d85	TechnoClass_Unlimbo_RemoveTracking
0x6f6d9e	TechnoClass_Unlimbo_BuildingStartFacing
0x6f6dee	TechnoClass_Unlimbo_BarrelFacingBugFix
0x6f7248	TechnoClass_InRange_WeaponRange
0x6f7261	TechnoClass_InRange_SetContext
0x6f7294	TechnoClass_InRange_OccupyRange
0x6f72d2	TechnoClass_IsCloseEnoughToTarget_OpenTopped_RangeBonus
0x6f737f	TechnoClass_InRange_WeaponMinimumRange
0x6f7481	TechnoClass_Targeting_ApplyGravity
0x6f755a	TechnoClass_IsCloseEnough_CylinderRangefinding
0x6f7647	TechnoClass_InRange_Obstacles
0x6f7666	TechnoClass_TriggersCellInset_DeployWeapon
0x6f7792	TechnoClass_InWeaponRange_DecloakToFire
0x6f7ce2	TechnoClass_CanAutoTargetObject_IronCurtain
0x6f7e1e	TechnoClass_CanAutoTargetObject_AU
0x6f7e24	TechnoClass_EvaluateObject_SetContext
0x6f7e30	TechnoClass_CanAutoTarget_SetContent
0x6f7e47	TechnoClass_EvaluateObject_MapZone
0x6f7ef4	TechnoClass_CanAutoTarget_AttackFriendlies
0x6f833e	TechnoClass_CanAutoTargetObject_Garrisonable
0x6f85ab	TechnoClass_CanAutoTargetObject_AggressiveAttackMove
0x6f85cf	TechnoClass_CanAutoTarget_AttackNoThreatBuildings
0x6f88bf	TechnoClass_CanAutoTargetObject_AttackMindControlledDelay
0x6f8a92	TechnoClass_CheckAutoTarget_AttackFriendlies
0x6f8c9d	TechnoClass_EvaluateCell_SetContext
0x6f8df0	TechnoClass_SelectAutoTarget_Start_AU
0x6f8fa8	TechnoClass_SelectAutoTarget_SetCanTargetWhatAmI_AU
0x6f8fd7	TechnoClass_ThreatEvals_OpenToppedOwner
0x6f90de	TechnoClass_GreatestThreat_MultiWeapon
0x6f9222	TechnoClass_SelectAutoTarget_HealingTargetAir
0x6f9398	TechnoClass_SelectAutoTarget_Scan_FallingDown
0x6f93bb	TechnoClass_SelectAutoTarget_Scan_AU
0x6f9af4	TechnoClass_SelectAutoTarget_DisableStupid
0x6f9b7e	TechnoClass_SelectAutoTarget_AIAirTargetingFix1
0x6f9c67	TechnoClass_GreatestThreat_MapZoneSetContext
0x6f9d13	TechnoClass_SelectAutoTarget_AIAirTargetingFix2
0x6f9e50	TechnoClass_AI
0x6fa07a	TechnoClass_AI_PromoteAnim
0x6fa167	TechnoClass_AI_DrainMoney
0x6fa467	TechnoClass_AI_AttackFriendlies
0x6fa540	TechnoClass_AI_ChargeTurret
0x6fa68b	TechnoClass_Update_AttackMovePaused
0x6fa697	TechnoClass_Update_DontScanIfUnarmed
0x6fa781	TechnoClass_AI_SelfHealing_BuildingGraphics
0x6fa793	TechnoClass_AI_SelfHealGain
0x6fabc4	TechnoClass_AI_AnimationPaused
0x6fb086	TechnoClass_Reload_ReloadAmount
0x6fb2fb	TechnoClass_CreateGap_CellCheck
0x6fb5e5	TechnoClass_DeleteGap_CellCheck
0x6fb9d7	TechnoClass_Cloak_RestoreMCAnim
0x6fbfa3	TechnoClass_Select_SkipLimboDelivery
0x6fc0c5	TechnoClass_CanFire_DisableWeapons
0x6fc339	TechnoClass_CanFire
0x6fc3a1	TechnoClass_CanFire_InBunkerRangeCheck
0x6fc3ae	TechnoClass_CanFire_TankInBunker_LocomotorWarhead
0x6fc5c7	TechnoClass_CanFire_OpenTopped
0x6fc617	TechnoClass_GetFireError_Spawner
0x6fc689	TechnoClass_CanFire_LandNavalTarget
0x6fc749	TechnoClass_CanFire_AntiUnderground
0x6fc7eb	TechnoClass_CanFire_InterceptBullet
0x6fc8f5	TechnoClass_CanFire_SkipROF
0x6fca26	TechnoClass_CanFire_RevertAresOpenTopCloakFix
0x6fcbe6	TechnoClass_CanFire_BridgeAAFix
0x6fcd1d	TechnoClass_CanFire_OpenTopCloakFix
0x6fcdb0	TechnoClass_AssignTarget_SyncLog
0x6fcf3e	TechnoClass_SetTarget_After
0x6fcfe0	TechnoClass_RearmDelay_CanCloakDuringRearm
0x6fd054	TechnoClass_RearmDelay_ForceFullDelay
0x6fd05e	TechnoClass_RearmDelay_BurstDelays
0x6fd0b5	TechnoClass_RearmDelay_ROF
0x6fd183	TechnoClass_RearmDelay_BuildingOccupyROFMult
0x6fd1c7	TechnoClass_RearmDelay_BuildingBunkerROFMult
0x6fd210	TechnoClass_LaserZap_SetTrackingContext
0x6fd38d	TechnoClass_DrawSth_DrawToInvisoFlakScatterLocation
0x6fd3fd	TechnoClass_LaserZap_ZAdjust
0x6fd446	TechnoClass_LaserZap_IsSingleColor
0x6fd494	TechnoClass_FireEBolt_SetExtMap_AfterAres
0x6fd4e4	TechnoClass_FireEBolt_Building_ClampPositive
0x6fd4ed	TechnoClass_FireEBolt_ZAdjust
0x6fd55f	TechnoClass_FireEBolt_ParticleSystem
0x6fd5d6	TechnoClass_InitEBolt
0x6fdaa6	TechnoClass_FireAngle_6FDA00_ApplyGravity
0x6fdc87	TechnoClass_AdjustDamage_ArmorMultiplier
0x6fdd7d	TechnoClass_FireAt_UpdateWeaponType
0x6fddc0	TechnoClass_FireAt_BeforeTruelyFire
0x6fddca	TechnoClass_Fire_Suicide
0x6fe19a	TechnoClass_FireAt_AreaFire
0x6fe352	TechnoClass_FirepowerMultiplier
0x6fe3f1	TechnoClass_FireAt_OccupyDamageBonus
0x6fe421	TechnoClass_FireAt_BunkerDamageBonus
0x6fe43b	TechnoClass_FireAt_OpenToppedDmgMult
0x6fe4a4	TechnoClass_FireAt_ChargeTurret1
0x6fe562	TechnoClass_Fire_SetContext
0x6fecb2	TechnoClass_FireAt_ApplyGravity
0x6fed2f	TechnoClass_FireAt_VerticalInitialFacing
0x6ff008	TechnoClass_Fire_BeforeMoveTo
0x6ff08b	TechnoClass_Fire_RecordBullet
0x6ff0dd	TechnoClass_FireAt_TurretRecoil
0x6ff15f	TechnoClass_FireAt_ObstacleCellSet
0x6ff189	TechnoClass_FireAt_SparkFireTargetSet
0x6ff29e	TechnoClass_FireAt_ChargeTurret2
0x6ff2be	TechnoClass_FireAt_BurstOffsetFix
0x6ff42b	TechnoClass_Fire_Anim
0x6ff43f	TechnoClass_FireAt_FeedbackWeapon
0x6ff4cc	TechnoClass_FireAt_ToggleLaserWeaponIndex
0x6ff660	TechnoClass_FireAt_LateLogic
0x6ff7ff	TechnoClass_Fire_UnlimboDetonate
0x6ff905	TechnoClass_FireAt_FireOnce
0x7001b0	TechnoClass_MouseOverObject_EnableGuardObject
0x70023b	TechnoClass_MouseOverObject_AttackUnderGround
0x7002e9	TechnoClass_WhatAction_PassableTerrain
0x700358	TechnoClass_MouseOverObject_AttackFriendlies
0x700536	TechnoClass_WhatAction_Object_AllowAttack
0x70095a	TechnoClass_WhatAction_WallWeapon
0x700c58	TechnoClass_CanPlayerMove_NoManualMove
0x700ed0	TechnoClass_AllowDeployControlledMCV
0x70107a	TechnoClass_CanDeploySlashUnload_AmphibiousUnload
0x7010c1	TechnoClass_CanShowDeployCursor_UnitsAndAircraft
0x7012c2	TechnoClass_WeaponRange
0x7013a0	TechnoClass_OverrideMission_SyncLog
0x7015a2	TechnoClass_SetOwningHouse_RefreshSidebar
0x7015c9	TechnoClass_Captured_UpdateTracking
0x701664	TechnoClass_SetOwningHouse_TunnelFix
0x701881	TechnoClass_ChangeHouse_Passenger_SyncOwner
0x701900	TechnoClass_ReceiveDamage_Shield
0x701966	TechnoClass_ReceiveDamage_ArmorMultiplier
0x7019d8	TechnoClass_ReceiveDamage_SkipLowDamageCheck
0x701a54	TechnoClass_ReceiveDamage_PenetratesIronCurtain
0x701d2e	TechnoClass_ReceiveDamage_AllowBerzerkOnAllies
0x701d6b	TechnoClass_ReceiveDamage_Psychedelic
0x701dae	TechnoClass_ReceiveDamage_Berzerk
0x701dff	TechnoClass_ReceiveDamage_FlyingStrings
0x701e18	TechnoClass_ReceiveDamage_ReflectDamage
0x702050	TechnoClass_ReceiveDamage_AttachEffectExpireWeapon
0x702299	TechnoClass_ReceiveDamage_Debris
0x702603	TechnoClass_ReceiveDamage_Explodes
0x702672	TechnoClass_ReceiveDamage_RevengeWeapon
0x70272e	BuildingClass_ReceiveDamage_DisableDamageSound
0x7027e6	TechnoClass_ReceiveDamage_Nonprovocative
0x702819	TechnoClass_ReceiveDamage_Decloak
0x702823	TechnoClass_ReceiveDamage_SkipDamagedParticle
0x702b14	TechnoClass_ReceiveDamage_DynamicSight
0x702e4e	TechnoClass_RegisterDestruction_SaveKillerInfo
0x70337d	HouseClass_RegisterDestruction_SaveKillerInfo
0x703789	TechnoClass_Cloak_BeforeDetach
0x703799	TechnoClass_Cloak_AfterDetach
0x703a09	TechnoClass_VisualCharacter_CloakVisibility
0x7043e7	TechnoClass_Get_ZAdjustment_Weeder
0x70440c	TechnoClass_Get_ZAdjustment_Weeder2
0x705860	TechnoClass_DrawAirstrikeFlare_SetContext
0x7058f6	TechnoClass_DrawAirstrikeFlare_LineColor
0x70597a	TechnoClass_DrawAirstrikeFlare_DotColor
0x705d74	TechnoClass_GetRemapColour_DisguisePalette
0x7060a9	TechnoClas_DrawObject_DisguisePalette
0x7060d6	TechnoClass_DrawShape_DisguiseTint_SetContext
0x70632e	TechnoClass_DrawShape_GetTintIntensity
0x706389	TechnoClass_DrawObject_TintColor
0x706786	TechnoClass_DrawVoxel_TintColor
0x706f64	TechnoClass_RenderVoxelObject_SkipInvisibleSections
0x7072a1	cyka707280_WhichMatrix
0x7077fd	TechnoClass_PointerExpired_SpawnOwnerFix
0x707a2e	TechnoClass_PointerExpired_TargetExpired
0x707b23	TechnoClass_PointerExpired_RemoveSpawnee
0x707e63	TechnoClass_GetGuardRange
0x7088e3	TechnoClass_ShouldRetaliate_DisallowMoving
0x7089e8	TechnoClass_AllowedToRetaliate_AttackMindControlledDelay
0x708a81	TechnoClass_CanRetaliate_CheckThreat
0x708ad0	TechnoClass_ShouldRetaliate_IronCurtain
0x708aeb	TechnoClass_ReplaceArmorWithShields
0x708b0b	TechnoClass_AllowedToRetaliate_Nonprovocative
0x708fc0	TechnoClass_ResponseMove_Pickup
0x7090a0	TechnoClass_VoiceAttack
0x7093f8	TechnoClass_709290_DeployWeapon
0x70982c	TechnoClass_TargetAndEstimateDamage_TargetingDelay
0x7098b9	TechnoClass_TargetSomethingNearby_AutoFire
0x709b2e	TechnoClass_DrawPips_Sizes
0x709b8b	TechnoClass_DrawPips_Spawns
0x70a1f6	TechnoClass_DrawPips_Tiberium
0x70a36e	TechnoClass_DrawPips_Ammo
0x70a4fb	TechnoClass_DrawPips_SelfHealGain
0x70ae48	TechnoClass_See_DynamicSight
0x70af87	TechnoClass_UpdateSight_DynamicSight1
0x70afef	TechnoClass_UpdateSight_DynamicSight2
0x70b649	TechnoClass_RigidBodyDynamics_NoTiltCrashBlyat
0x70bc6f	TechnoClass_UpdateRigidBodyKinematics_KillFlipped
0x70bce6	TechnoClass_GetTargetCoords_BuildingFix
0x70c6b5	TechnoClass_Railgun_TargetCoords
0x70c862	TechnoClass_Railgun_AmbientDamageIgnoreTarget1
0x70ca64	TechnoClass_Railgun_Obstacles
0x70ca8b	TechnoClass_Railgun_AmbientDamageIgnoreTarget2
0x70cbda	TechnoClass_Railgun_AmbientDamageWarhead
0x70cf6f	TechnoClass_ThreatCoefficients_WeaponRange
0x70cf87	TechnoClass_ThreatCoefficient_CanAttackMeThreatBonus
0x70d4a0	AbstractClass_ClearTargetToMe_ClearManagerTarget
0x70d4fd	AbstractClass_ClearTargetToMe_ClearLastTarget
0x70d77f	TechnoClass_FireDeathWeapon_ProjectileFix
0x70d842	FootClass_UpdateEnter_NoMoveToBridge
0x70d910	FootClass_QueueEnter_NoMoveToBridge
0x70de40	TechnoClass_GattlingValueRateDown_GattlingRateDownDelay
0x70de70	TechnoClass_GattlingRateUp_GattlingRateDownReset
0x70e01e	TechnoClass_GattlingRateDown_GattlingRateDownDelay
0x70e126	TechnoClass_GetDeployWeapon_InfantryDeployFireWeapon
0x70e380	TechnoClass_InvulnerabilityIntensity_SetContext
0x70e475	TechnoClass_InvulnerabilityIntensity_Adjust
0x70e92f	TechnoClass_UpdateAirstrikeTint
0x70efe0	TechnoClass_GetMaxSpeed
0x70fb73	FootClass_IsBunkerableNow_Dehardcode
0x70fdf5	TechnoClass_DrawDrainAnimation_Custom
0x710352	FootClass_ImbueLocomotor_FixSomething
0x710415	TechnoClass_DetachAnim
0x710552	TechnoClass_SetOpenTransportCargoTarget_ShareTarget
0x71067b	TechnoClass_EnterTransport_LaserTrails
0x7115ae	TechnoTypeClass_CTOR_JumpjetControls
0x711835	TechnoTypeClass_CTOR
0x711e90	TechnoTypeClass_CanAttackMove_IgnoreWeapon
0x711f39	TechnoTypeClass_CostOf_FactoryPlant
0x711fdf	TechnoTypeClass_RefundAmount_FactoryPlant
0x7120dd	TechnoTypeClass_GetRepairStepCost
0x7128b2	TechnoTypeClass_ReadINI_MultiWeapon
0x71464a	TechnoTypeClass_ReadINI_Speed
0x715a4d	Replace_XXICON_With_New
0x715b10	TechnoTypeClass_ReadINI_MultiWeapon2
0x7184ce	TeleportLocomotionClass_MakeRoom_GetMovement_CellFix
0x7185da	TeleportLocomotionClass_MakeRoom_DestFix
0x71872c	TeleportLocomotionClass_MakeRoom_OccupationFix
0x718f1e	TeleportLocomotionClass_MovingTo_ReplaceMovementZone
0x7193f6	TeleportLocomotionClass_ILocomotion_Process_WarpoutAnim
0x719580	TeleportLocomotion_Weeder
0x7196bb	TeleportLocomotionClass_Process_MarkDown
0x719742	TeleportLocomotionClass_ILocomotion_Process_WarpInAnim
0x7197e4	TeleportLocomotionClass_Process_ChronospherePreDelay
0x719827	TeleportLocomotionClass_ILocomotion_Process_ChronoshiftWarpOutAnim
0x719973	TeleportLocomotionClass_ILocomotion_Process_ChronoDelay
0x719b1e	TeleportLocomotionClass_ILocomotion_Process_ChronoshiftWarpInAnim
0x719bd9	TeleportLocomotionClass_Process_ChronosphereDelay2
0x719f17	EndPiggyback_PowerOn
0x71a7bc	TemporalClass_Update_DistCheck
0x71a82c	TemporalClass_AI_Opentopped_WarpDistance
0x71a88d	TemporalClass_AI
0x71a8bd	TemporalClass_Update_WarpAwayAnim
0x71a9cd	Remove_UnInitFix
0x71ade4	TemporalClass_Release_SlaveTargetFix
0x71b151	TemporalClass_Fire_ReleaseTargetTarget
0x71b965	TerrainClass_TakeDamage_SetContext
0x71b98b	TerrainClass_TakeDamage_RefreshDamageFrame
0x71bb2c	TerrainClass_TakeDamage_NowDead_Add
0x71c110	TerrainClass_SetOccupyBit_PassableTerrain
0x71c1fe	TerrainClass_Draw_PickFrame
0x71c2bc	TerrainClass_Draw_Palette
0x71c6ee	TerrainClass_FireOut_Crumbling
0x71c812	TerrainClass_AI_Crumbling
0x71c84d	TerrainClass_AI_Animated
0x71dbc0	TerrainTypeClass_CTOR
0x71e0a6	TerrainTypeClass_LoadFromINI
0x71e364	TerrainTypeClass_SDDTOR
0x71e940	TEventClass_Execute
0x71ece1	TriggerClass_SpyAsInfantryOrHouse
0x71f003	TEventClass_Execute_NavalProductionFix
0x71f3fe	TEventClass_BuildINIEntry
0x71f9c0	TEventClass_GetStateB_SpyEvent
0x721876	TiberiumClass_CTOR
0x721888	TiberiumClass_DTOR
0x721c7b	TiberiumClass_LoadFromINI
0x7258d0	AnnounceInvalidPointer
0x725961	AbstractClass_AnnouncePointerExpired_BombList
0x726577	TEventClass_Persistable
0x727024	TriggerTypeClass_HasGlobalSetOrClearedEvent
0x727064	TriggerTypeClass_HasLocalSetOrClearedEvent
0x7271f9	TEventClass_GetFlags
0x728e5f	TunnelLocomotionClass_Process_RestoreAnims
0x728f74	TunnelLocomotionClass_Process_KillAnims
0x728f89	TunnelLocomotionClass_Process_SubterraneanHeight1
0x728f9a	TunnelLocomotionClass_Process_Track
0x728fc6	TunnelLocomotionClass_Process_SubterraneanHeight2
0x728ff2	TunnelLocomotionClass_Process_SubterraneanHeight3
0x72958e	TunnelLocomotionClass_ProcessDigging_SlowdownDistance
0x7295e2	TunnelLocomotionClass_ProcessStateDigging_SubterraneanHeight
0x7297f6	TunnelLocomotionClass_ProcessDigging_Track
0x729b5d	TunnelLocomotionClass_DrawMatrix_Tilt
0x72fcb5	InitSideRectangles_CenterBackground
0x730b09	DeployCommandClass_Execute_BuildingDeploy
0x730d0f	ProcessDeployCommand_LowDeployPriority
0x730d1f	ProcessDeployCommand_VoiceDeploy
0x73298d	TypeSelectExecute_UseIFVMode
0x732a85	TypeSelectExecute_SetContext
0x732c06	TypeSelectExecute_Clear
0x7353d3	UnitClass_CTOR
0x735967	UnitClass_DTOR
0x735a26	FootClass_TunnelAI_Enter
0x736005	FootClass_TunnelAI_Exit
0x736234	UnitClass_ChronoSparkleDelay
0x736480	UnitClass_AI
0x7364dc	UnitClass_Update_SinkSpeed
0x7365ad	UnitClass_Update_SinkingWake
0x736823	UnitClass_Update_WeederMissionMove
0x7368c6	UnitClass_Update_WeederMissionMove2
0x736990	UnitClass_UpdateRotation_TurretFacing_EMP
0x736b60	UnitClass_Rotation_AI_DisallowMoving
0x736ba3	UnitClass_UpdateRotation_TurretFacing_Jumpjet
0x736e6e	UnitClass_UpdateFiring_OmniFireTurnToTarget
0x736f61	UnitClass_UpdateFiring_FireUp
0x736f67	UnitClass_UpdateFiring_BurstNoDelay
0x736f78	UnitClass_UpdateFiring_FireErrorIsFACING
0x737086	UnitClass_FiringAI_Gattling
0x73769e	UnitClass_ReceiveCommand_NoEnterOnBridge
0x73796b	UnitClass_ReceiveCommand_AmphibiousEnter
0x737d57	UnitClass_ReceiveDamage_DyingFix
0x737de2	UnitClass_ReceiveDamage_Sinkable
0x737e2a	UnitClass_ReceiveDamage_Sinkable_BridgeOrHeight
0x737e6e	UnitClass_ReceiveDamage_SkipExplode
0x737f05	UnitClass_ReceiveDamage_SinkingWake
0x737f6d	UnitClass_TakeDamage_Destroy
0x737f74	UnitClass_ReceiveDamage_NowDead_MarkUp
0x737f80	UnitClass_ReceiveDamage_Cargo_SyncOwner
0x7384bd	UnitClass_ReceiveDamage_Nonprovocative
0x738807	UnitClass_Destroy_DestroyAnim
0x73891d	UnitClass_Active_Click_With_DisallowMoving
0x738a3e	UnitClass_EnterIdleMode_SubterraneanHarvester
0x7396ad	UnitClass_Deploy_CreateBuilding
0x7396d2	UnitClass_TryToDeploy_Transfer
0x739889	UnitClass_TryToDeploy_AISetBaseCenter
0x739920	UnitClass_TryToDeploy_DisableRegroupAtNewConYard
0x73992b	UnitClass_TryToDeploy_SetBuildingHealthPercentage
0x739956	UnitClass_Deploy_Transfer
0x739ac0	UnitClass_SimpleDeployer_Deploy
0x739cd0	UnitClass_SimpleDeployer_Undeploy
0x739fa2	UnitClass_UpdatePosition_NoQueueUpToEnter
0x739fbc	UnitClass_PerCellProcess_BeforeGrinding
0x73a1c3	UnitClass_PerCellProcess_DoGrindingExtras
0x73a2d2	UnitClass_UpdatePosition_EnterBioReactor
0x73ae70	UnitClass_UpdatePosition_Bridge
0x73b05b	UnitClass_PerCellProcess_TiltWhenCrushes
0x73b2a2	UnitClass_DrawObject_DrawerBlitterFix
0x73b4da	UnitClass_DrawVXL_WaterType_Extra
0x73b748	UnitClass_DrawVXL_ResetKeyForTurretUse
0x73b780	UnitClass_DrawVXL_TurretMultiOffset
0x73ba12	UnitClass_DrawAsVXL_RewriteTurretDrawing
0x73bf95	UnitClass_DrawAsVoxel_Tint
0x73c43f	UnitClass_DrawAsVXL_Shadow_IsLocomotorFix2
0x73c47a	UnitClass_DrawAsVXL_Shadow
0x73c602	UnitClass_DrawSHP_WaterType_Extra
0x73c7ac	UnitClass_DrawAsSHP_DrawTurret_TintFix
0x73c890	UnitClass_DrawSHP_BarrelMultiOffset
0x73cce1	UnitClass_DrawSHP_TurretOffest
0x73ccf4	UnitClass_DrawSHP_FacingsB_TurretShape
0x73cf46	UnitClass_Draw_It_KeepUnitVisible
0x73cfa7	UnitClass_DrawIt_LevelIntensity
0x73d0db	UnitClass_DrawAt_Weeder_Oregath
0x73d223	UnitClass_DrawIt_OreGath
0x73d2a6	UnitClass_DrawAt_Weeder_UnloadingClass
0x73d49e	UnitClass_Harvesting_Weeder
0x73d63b	UnitClass_Mi_Unload_Subterranean
0x73d769	UnitClass_Mission_Unload_AmphibiousUnload
0x73d7ab	UnitClass_Mission_Unload_FindUnloadPosition
0x73d7b7	UnitClass_Mission_Unload_CheckInvalidCell
0x73dad8	UnitClass_Mission_Unload_PassengerLeavePosition
0x73dc1e	UnitClass_Mission_Unload_NoQueueUpToUnloadLoop
0x73dc9c	UnitClass_Mission_Unload_NoQueueUpToUnloadBreak
0x73dcef	UnitClass_Mission_Unload_DeployFire
0x73deeb	UnitClass_Mi_Unload_SkipHarvester
0x73e005	UnitClass_Unload_WeederAnim
0x73e3db	UnitClass_Mission_Unload_NoteBalanceBefore
0x73e411	UnitClass_Mission_Unload_DumpAmount
0x73e474	UnitClass_Unload_Storage
0x73e4d0	UnitClass_Mission_Unload_CheckBalanceAfter
0x73e730	UnitClass_MissionHarvest_HarvesterScanAfterUnload
0x73e739	UnitClass_Mission_Harvest_SkipUselessArchiveTarget
0x73e84a	UnitClass_Mission_Harvest
0x73e9a0	UnitClass_Weeder_StopHarvesting
0x73ed66	UnitClass_Mission_Harvest_PathfindingFix
0x73eea6	UnitClass_MissionHarvest_AllOreGathered
0x73efc4	UnitClass_Mission_Hunt_DisallowMoving
0x73efd8	UnitClass_Mission_Hunt_DeploysInto
0x73f0a7	UnitClass_IsCellOccupied_Start
0x73f495	UnitClass_CanEnterCell_WallWeapon
0x73f5a7	UnitClass_IsCellOccupied_UnlimboDirection
0x73f63f	UnitClass_IsCellOccupied_NoQueueUpToEnter
0x73fb71	UnitClass_CanEnterCell_PassableTerrain
0x73fec1	UnitClass_WhatAction_DeploysIntoDesyncFix
0x740015	UnitClass_MouseOverObject_SkipPassengers
0x7400b5	UnitClass_MouseOverObject_AmphibiousUnload
0x740134	UnitClass_WhatAction_Grinding
0x740375	UnitClass_MouseOvetObject_NoQueueUpToEnter
0x74038f	UnitClass_What_Action_ObjectClass_DisallowMoving_1
0x7403b7	UnitClass_What_Action_ObjectClass_DisallowMoving_2
0x740709	UnitClass_What_Action_DisallowMoving_1
0x740744	UnitClass_What_Action_DisallowMoving_2
0x740949	UnitClass_Mission_Guard_SubterraneanHarvester
0x740a11	UnitClass_Mission_Guard_AIAutoDeployMCV
0x740a93	UnitClass_Mission_Move_DisallowMoving
0x740c9c	UnitClass_GetUnloadDirection_CheckUnloadPosition
0x741050	UnitClass_CanFire_DeployToFire
0x7410bb	UnitClass_GetFireError_CheckFacingError
0x74132b	UnitClass_GetFireError_DisallowMoving
0x7414e0	UnitClass_ApproachTarget_DisallowMoving
0x7415a9	UnitClass_ApproachTarget_SetWeaponIndex
0x741941	UnitClass_OverrunSquare_TiltWhenCrushes
0x741970	UnitClass_AssignDestination_SyncLog
0x741a66	UnitClass_SetDestination_JJVehFix
0x741a96	UnitClass_SetDestination_ResetFiringFrame
0x741aa7	UnitClass_Assign_Destination_DisallowMoving
0x741c32	UnitClass_SetDestination_SpecialAnim_Weeder
0x7424bd	UnitClass_AssignDestination_Weeder_Teleport
0x74312a	UnitClass_SetDestination_ReplaceWithHarvestMission
0x7431c9	FootClass_SelectAutoTarget_MultiWeapon
0x7435de	UnitClass_ReadFromINI_Follower1
0x74364c	UnitClass_ReadFromINI_Follower2
0x743664	UnitClass_ReadFromINI_Follower3
0x743b4b	UnitClass_Scatter_DisallowMoving
0x744103	UnitClass_Mission_AreaGuard_DisallowMoving
0x7442ab	UnitClass_ReadyToNextMission_FallingDown
0x7442d6	FootClass_ReadyToNextMission_MovingCheck
0x74431f	UnitClass_ReadyToNextMission_HuntCheck
0x74613c	UnitClass_INoticeSink_CheckJumpjetHarvester
0x74691d	UnitClass_UpdateDisguise_EMP
0x746a30	UnitClass_UpdateDisguise_DefaultMirageDisguises
0x7470e3	UnitTypeClass_CTOR
0x747a2e	UnitTypeClass_ReadINI_TurretShape
0x747b49	UnitTypeClass_ReadINI
0x747e90	UnitTypeClass_LoadFromINI
0x74809e	UnitTypeClass_Load
0x748206	UnitTypeClass_DTOR
0x74942e	VoxelAnimClass_CTOR
0x749951	VoxelAnimClass_CTOR
0x7499f1	VoxelAnimClass_DTOR
0x749d97	VoxelAnimClass_DrawIt_LightingFix
0x74a027	VoxelAnimClass_AI_Expired
0x74a70e	VoxelAnimClass_AI_Additional
0x74aeb0	VoxelAnimTypeClass_CTOR
0x74b4f0	VoxelAnimTypeClass_LoadFromINI
0x74ba31	VoxelAnimTypeClass_DTOR
0x7504c9	VocClass_ReadINI_LogMissingSamples
0x753d86	VoxelCalcNormals_NullAdditionalVector
0x75ac93	WalkLocomotionClass_Process_Wake
0x75bd70	WalkLocomotionClass_ProcessMoving_SlowdownDistance
0x75d1a9	WarheadTypeClass_CTOR
0x75dea0	WarheadTypeClass_LoadFromINI
0x75e5c8	WarheadTypeClass_SDDTOR
0x75ee49	WaveClass_DrawSonic_CrashFix
0x75f39d	WaveClass_DamageAI_AmbientDamageWarhead
0x75f415	WaveClass_DamageAI_AmbientDamageIgnoreTarget
0x762aff	WaveClass_AI_TargetSet
0x762d57	WaveClass_AI_TargetUnset
0x763610	Waypoint_To_String
0x763690	String_To_Waypoint
0x771ee9	WeaponTypeClass_CTOR
0x7729b0	WeaponTypeClass_LoadFromINI
0x772a0a	WeaponTypeClass_SetSpeed_ApplyGravity
0x772aa2	WeaponTypeClass_AllowedThreats_AAOnly
0x772ab3	WeaponTypeClass_AllowedThreats_AU
0x773087	WeaponTypeClass_GetSpeed_ApplyGravity
0x77311d	WeaponTypeClass_SDDTOR
0x777998	Game_WndProc_ScrollMouseWheel
0x777c41	UI_ApplyAppIcon
0x777f15	IMEUpdateCompositionString
0x794f7e	Start_Game_Now_FPS
0x7b8536	StartMouseThread_AdjustMouseInterval
0x7cd810	ExeRun
