0x0	WWMouseClass::~WWMouseClass	FUNC
0x401580	AudioIDXData::~AudioIDXData	FUNC
0x401910	AudioIDXData::ClearCurrentSample	FUNC
0x401940	RawFileClass::GetFileName	FUNC
0x401980	CCFileClass::OpenEx	FUNC
0x405c00	AudioStream::~AudioController	FUNC
0x405d40	AudioStream::Stop	FUNC
0x405e80	AudioStream::StopLooping	FUNC
0x405fd0	AudioStream::End	FUNC
0x406060	AudioStream::EndLooping	FUNC
0x4060f0	AudioStream::SetEvent	FUNC
0x406130	AudioStream::GetEvent	FUNC
0x406170	AudioStream::GetEventType	FUNC
0x406270	AudioStream::AdjustAudioEventPanning	FUNC
0x40dcb0	AbstractClass::GetRTTIName	FUNC
0x410170	AbstractClass::AbstractClass	FUNC
0x410800	AbstractTypeClass::AbstractTypeClass	FUNC
0x410ce0	ABuffer::ABuffer	FUNC
0x410dc0	ABuffer::BlitTo	FUNC
0x410e50	ABuffer::ReleaseSurface	FUNC
0x410e70	ABuffer::Blitter	FUNC
0x410ed0	ABuffer::BlitAt	FUNC
0x4112d0	ABuffer::Fill	FUNC
0x411310	ABuffer::FillRect	FUNC
0x411330	ABuffer::BlitRect	FUNC
0x4114b0	ABuffer::GetBuffer	FUNC
0x411500	Surface::vt_entry_68	FUNC
0x412ac0	AircraftTrackerClass::GetVectorIndex	FUNC
0x412b40	AircraftTrackerClass::FillCurrentVector	FUNC
0x4134a0	AircraftTrackerClass::Add	FUNC
0x4135a0	AircraftTrackerClass::IsJumpjet	FUNC
0x4135d0	AircraftTrackerClass::Remove	FUNC
0x4137a0	AircraftTrackerClass::Get	FUNC
0x413800	AircraftTrackerClass::Clear	FUNC
0x4138c0	AircraftTrackerClass::Update	FUNC
0x413d20	AircraftClass::AircraftClass	FUNC
0x4197c0	AircraftClass::FindFireLocation	FUNC
0x41be00	ObjectClass::GetRenderCoords	FUNC
0x41c8b0	AircraftTypeClass::AircraftTypeClass	FUNC
0x41d380	AirstrikeClass::AirstrikeClass	FUNC
0x41d540	AirstrikeClass::InvalidatePointer	FUNC
0x41d830	AirstrikeClass::StartMission	FUNC
0x41da20	AirstrikeClass::ResetTarget	FUNC
0x41db40	AirstrikeClass::ClearTarget	FUNC
0x41e350	AITriggerTypeClass::AITriggerTypeClass	FUNC
0x41e720	AITriggerTypeClass::ConditionMet	FUNC
0x41eaf0	AITriggerTypeClass::EnemyHouseOwns	FUNC
0x41ec90	AITriggerTypeClass::CivilianHouseOwns	FUNC
0x41ee90	AITriggerTypeClass::OwnerHouseOwns	FUNC
0x41f0d0	AITriggerTypeClass::IronCurtainCharged	FUNC
0x41f180	AITriggerTypeClass::ChronoSphereCharged	FUNC
0x41f230	AITriggerTypeClass::HouseCredits	FUNC
0x41fd60	AITriggerTypeClass::RegisterSuccess	FUNC
0x41fe20	AITriggerTypeClass::RegisterFailure	FUNC
0x4202f0	AlphaLightingRemapClass::AlphaLightingRemapClass	FUNC
0x420960	AlphaShapeClass::AlphaShapeClass	FUNC
0x421ea0	AnimClass::AnimClass	FUNC
0x424b50	AnimClass::SetOwnerObject	FUNC
0x424ce0	AnimClass::Start	FUNC
0x424f00	AnimClass::Middle	FUNC
0x425150	AnimClass::PointerExpired	FUNC
0x427530	AnimTypeClass::AnimTypeClass	FUNC
0x42c900	unknown	FUNC
0x42d170	unknown	FUNC
0x42e6f0	BaseClass::BaseClass	FUNC
0x42f380	BaseClass::FailedToPlaceNode	FUNC
0x430210	BeaconClass::BeaconClass	FUNC
0x430250	BeaconClass::Draw	FUNC
0x430590	BeaconClass::SetCoordAndHouse	FUNC
0x430620	BeaconClass::SetText	FUNC
0x430650	BeaconClass::DrawRadar	FUNC
0x4308b0	BeaconClass::VisibleToPlayer	FUNC
0x430910	__declspec::BeaconManagerClass	FUNC
0x430930	__declspec::~BeaconManagerClass	FUNC
0x430980	__declspec::Reset	FUNC
0x4309d0	__declspec::LoadArt	FUNC
0x430ac0	__declspec::Draw	FUNC
0x430ba0	__declspec::PlaceBeacon	FUNC
0x430f30	__declspec::CanPlaceBeacon	FUNC
0x430f70	__declspec::SelectBeacon	FUNC
0x4311c0	__declspec::DeleteBeacon	FUNC
0x431410	__declspec::DeleteAllBeacons	FUNC
0x431450	__declspec::EditBeaconMessage	FUNC
0x431700	__declspec::DrawRadar	FUNC
0x431b20	BufferIOFileClass::BufferIOFileClass	FUNC
0x431b80	BufferIOFileClass::~BufferIOFileClass	FUNC
0x431e80	BufferIOFileClass::SetFileName	FUNC
0x431f10	BufferIOFileClass::Exists	FUNC
0x431f30	BufferIOFileClass::HasHandle	FUNC
0x431f50	BufferIOFileClass::OpenEx	FUNC
0x431f70	BufferIOFileClass::Open	FUNC
0x432050	BufferIOFileClass::WriteBytes	FUNC
0x4322a0	BufferIOFileClass::ReadBytes	FUNC
0x4324b0	BufferIOFileClass::Seek	FUNC
0x4325a0	BufferIOFileClass::GetFileSize	FUNC
0x4325c0	BufferIOFileClass::Close	FUNC
0x433880	BitFont::BitFont	FUNC
0x433cf0	BitFont::GetTextDimension	FUNC
0x434120	BitFont::Blit	FUNC
0x4346c0	BitFont::GetCharacterBitmap	FUNC
0x4348f0	BitFont::Lock	FUNC
0x434990	BitFont::UnLock	FUNC
0x434ad0	BitText::BitText	FUNC
0x434b90	BitText::Print	FUNC
0x434cd0	BitText::DrawText	FUNC
0x435820	BuildingLightClass::BuildingLightClass	FUNC
0x436be0	BuildingLightClass::SetBehaviour	FUNC
0x4385d0	BombClass::AbstractClass	FUNC
0x438720	BombClass::Detonate	FUNC
0x4389b0	BombClass::Disarm	FUNC
0x4389f0	BombClass::IsDeathBomb	FUNC
0x438a00	BombClass::GetCurrentFlickerFrame	FUNC
0x438a70	BombClass::TimeToExplode	FUNC
0x438bf0	BombListClass::Update	FUNC
0x438e70	BombListClass::Plant	FUNC
0x439080	BombListClass::AddDetector	FUNC
0x4390d0	BombListClass::RemoveDetector	FUNC
0x439150	BombListClass::PointerGotInvalid	FUNC
0x4397e0	Status::Initialize	FUNC
0x4399a0	Status::GetCoords	FUNC
0x4399e0	Status::GetDrawingMatrix	FUNC
0x439b00	Status::Update	FUNC
0x43a350	NeuronClass::NeuronClass	FUNC
0x43b5e0	HouseClass::PsiWarn	FUNC
0x43b740	BuildingClass::BuildingClass	FUNC
0x43e7b0	BuildingClass::DrawInfoTipAndSpiedSelection	FUNC
0x43ef90	BuildingClass::GetCurrentFrame	FUNC
0x441f60	BuildingClass::AfterDestruction	FUNC
0x443860	BuildingClass::SetRallypoint	FUNC
0x447780	BuildingClass::BeginMode	FUNC
0x44abd0	BuildingClass::FireLaser	FUNC
0x44e7b0	BuildingClass::GetPowerOutput	FUNC
0x44e880	BuildingClass::GetPowerDrain	FUNC
0x4509d0	BuildingClass::UpdateAnimations	FUNC
0x451750	BuildingClass::PlayNthAnim	FUNC
0x451890	BuildingClass::PlayAnim	FUNC
0x451e40	BuildingClass::DestroyNthAnim	FUNC
0x451ee0	BuildingClass::ToggleDamagedAnims	FUNC
0x4521c0	BuildingClass::DisableTemporal	FUNC
0x452210	BuildingClass::EnableTemporal	FUNC
0x452260	BuildingClass::GoOnline	FUNC
0x452360	BuildingClass::GoOffline	FUNC
0x452410	BuildingClass::EnableStuff	FUNC
0x452480	BuildingClass::DisableStuff	FUNC
0x452540	BuildingClass::MakeTraversable	FUNC
0x4525f0	BuildingClass::IsTraversable	FUNC
0x4533a0	BuildingClass::CreateEndPost	FUNC
0x455b90	BuildingClass::GetFWFlags	FUNC
0x4566b0	BuildingClass::GetRadialIndicatorRange	FUNC
0x457630	BuildingClass::FirstActiveSWIdx	FUNC
0x457690	BuildingClass::SecondActiveSWIdx	FUNC
0x457a10	BuildingClass::IsAllFogged	FUNC
0x457aa0	BuildingClass::FreezeInFog	FUNC
0x457ce0	BuildingClass::CanBeOccupiedBy	FUNC
0x4585c0	BuildingClass::KillOccupants	FUNC
0x458810	BuildingClass::GetVoxelBarrelOffsetMatrix	FUNC
0x458e50	BuildingClass::UpdateBunker	FUNC
0x4593a0	BuildingClass::UnloadBunker	FUNC
0x459470	BuildingClass::ClearBunker	FUNC
0x4595c0	BuildingClass::EmptyBunker	FUNC
0x4598a0	TechnoClass::IsAbsorbAllowed	FUNC
0x45dd90	BuildingTypeClass::BuildingTypeClass	FUNC
0x45ec90	BuildingTypeClass::GetFoundationWidth	FUNC
0x45eca0	BuildingTypeClass::GetFoundationHeight	FUNC
0x464ac0	BuildingTypeClass::CanPlaceHere	FUNC
0x465af0	BuildingTypeClass::ClearBuildUp	FUNC
0x465d40	BuildingTypeClass::IsVehicle	FUNC
0x466380	BulletClass::BulletClass	FUNC
0x4664c0	unknown	FUNC
0x468430	BulletClass::LoseTarget	FUNC
0x468d80	BulletClass::Explode	FUNC
0x4690b0	BulletClass::Detonate	FUNC
0x46a310	BulletClass::Shrapnel	FUNC
0x46b280	BulletClass::InitScalable	FUNC
0x46b310	BulletClass::NukeMaker	FUNC
0x46bbc0	BulletTypeClass::BulletTypeClass	FUNC
0x46c840	BulletTypeClass::SetScaledSpawnDelay	FUNC
0x46cb60	CampaignClass::CampaignClass	FUNC
0x4717d0	CaptureManagerClass::CaptureManagerClass	FUNC
0x471a50	CaptureManagerClass::HandleOverload	FUNC
0x471c90	CaptureManagerClass::CanCapture	FUNC
0x471d40	CaptureManagerClass::CaptureUnit	FUNC
0x471ff0	CaptureManagerClass::FreeUnit	FUNC
0x472140	CaptureManagerClass::FreeAll	FUNC
0x472160	CaptureManagerClass::DrawLinks	FUNC
0x4722a0	CaptureManagerClass::CannotControlAnyMore	FUNC
0x4722c0	CaptureManagerClass::IsControllingSomething	FUNC
0x4722d0	CaptureManagerClass::GetControlledCount	FUNC
0x4722f0	CaptureManagerClass::GetOriginalOwner	FUNC
0x4723b0	CaptureManagerClass::DecideUnitFate	FUNC
0x472640	CaptureManagerClass::NeedsToDrawLinks	FUNC
0x4726c0	CaptureManagerClass::IsOverloading	FUNC
0x4733a0	PassengersClass::AddPassenger	FUNC
0x473430	PassengersClass::RemoveFirstPassenger	FUNC
0x473460	PassengersClass::GetTotalSize	FUNC
0x4734b0	PassengersClass::RemovePassenger	FUNC
0x473500	PassengersClass::IndexOf	FUNC
0x4739f0	CCFileClass::CCFileClass	FUNC
0x473ab0	CCFileClass::CDCheck	FUNC
0x473ae0	CCFileClass::WriteBytes	FUNC
0x473b10	CCFileClass::ReadBytes	FUNC
0x473ba0	CCFileClass::Seek	FUNC
0x473c00	CCFileClass::GetFileSize	FUNC
0x473c50	CCFileClass::Exists	FUNC
0x473cd0	CCFileClass::HasHandle	FUNC
0x473ce0	CCFileClass::Close	FUNC
0x473d10	CCFileClass::Open	FUNC
0x473e50	CCFileClass::GetFileTime	FUNC
0x473f00	CCFileClass::SetFileTime	FUNC
0x473fc0	CCFileClass::SetFileName	FUNC
0x4741f0	variables::ReadCCFile	FUNC
0x474430	variables::WriteCCFile	FUNC
0x474b50	INISection::Read3Bytes	FUNC
0x474c20	INISection::Write3Bytes	FUNC
0x474c70	INISection::ReadColor	FUNC
0x474d50	INISection::WriteColor	FUNC
0x476d80	variables::GetCRC	FUNC
0x476eb0	INISection::GetTechnoType	FUNC
0x477640	INISection::ReadAbilities	FUNC
0x47aa30	CDFileClass::CDFileClass	FUNC
0x47aab0	CDFileClass::Open	FUNC
0x47ae10	CDFileClass::SetFileName	FUNC
0x47af10	CDFileClass::OpenEx	FUNC
0x47b3a0	CellClass::GetFloorHeight	FUNC
0x47bbf0	CellClass::CellClass	FUNC
0x47c3d0	CellClass::FindTechnoNearestTo	FUNC
0x47c4d0	CellClass::FindObjectOfType	FUNC
0x47c520	CellClass::GetBuilding	FUNC
0x47c550	CellClass::GetTerrain	FUNC
0x47c5a0	CellClass::GetSomeObject	FUNC
0x47c620	CellClass::CanThisExistHere	FUNC
0x47ca80	CellClass::SetupLAT	FUNC
0x47d210	CellClass::SetWallOwner	FUNC
0x47d2b0	CellClass::RecalcAttributes	FUNC
0x47dd70	CellClass::BlowUpBridge	FUNC
0x47e8a0	CellClass::AddContent	FUNC
0x47ea90	CellClass::RemoveContent	FUNC
0x47eba0	CellClass::GetUnit	FUNC
0x47ebf0	CellClass::GetAircraft	FUNC
0x47ec40	CellClass::GetInfantry	FUNC
0x47f510	CellClass::DrawOverlayShadow	FUNC
0x47f6a0	CellClass::DrawOverlay	FUNC
0x47fb90	CellClass::GetContainingRect	FUNC
0x47fde0	CellClass::ShapeRect	FUNC
0x480510	CellClass::ConnectsToOverlay	FUNC
0x480a30	CellClass::GetCellCoords	FUNC
0x480a80	CellClass::ReduceTiberium	FUNC
0x480cb0	CellClass::DamageWall	FUNC
0x481180	CellClass::FindInfantrySubposition	FUNC
0x481670	CellClass::ScatterContent	FUNC
0x481810	CellClass::GetNeighbourCell	FUNC
0x481870	CellClass::UpdateThreat	FUNC
0x481a00	CellClass::CollectCrate	FUNC
0x483480	CellClass::RevealCellObjects	FUNC
0x4834a0	CellClass::IsClearToMove	FUNC
0x483780	CellClass::SpreadTiberium	FUNC
0x4838e0	CellClass::CanTiberiumGerminate	FUNC
0x483e30	CellClass::InitLightConvert	FUNC
0x484180	CellClass::ProcessColourComponents	FUNC
0x484680	CellClass::UpdateCellLighting	FUNC
0x484f20	CellClass::GetTunnel	FUNC
0x484ff0	CellClass::GetUIName	FUNC
0x485010	CellClass::GetContainedTiberiumIndex	FUNC
0x485020	CellClass::GetContainedTiberiumValue	FUNC
0x485240	CellClass::SetMapCoords	FUNC
0x485250	CellClass::ReplaceTag	FUNC
0x486800	CellClass::DrawObjectsCloaked	FUNC
0x486920	CellClass::ActivateVeins	FUNC
0x486a70	CellClass::FogCell	FUNC
0x486bf0	CellClass::CleanFog	FUNC
0x486c50	CellClass::ClearFoggedObjects	FUNC
0x486e70	CellClass::MarkForRedraw	FUNC
0x487190	CellClass::IncreaseTiberium	FUNC
0x487630	CellClass::ReduceShroudCounter	FUNC
0x487690	CellClass::IncreaseShroudCounter	FUNC
0x4876f0	CellClass::Unshroud	FUNC
0x487950	CellClass::IsShrouded	FUNC
0x4879b0	CellClass::IsFogged	FUNC
0x487c90	CellClass::IsRadiated	FUNC
0x487cb0	CellClass::GetRadLevel	FUNC
0x487ce0	CellClass::RadLevel_Increase	FUNC
0x487d00	CellClass::RadLevel_Decrease	FUNC
0x487d70	CellClass::TryAssignJumpjet	FUNC
0x488280	CheckListClass::CheckListClass	FUNC
0x488690	GadgetClass::MarkListToRedraw	FUNC
0x4886a0	GadgetClass::IsToRedraw	FUNC
0x488760	ColorListClass::ColorListClass	FUNC
0x48dcd0	TechnoTypeClass::GetByTypeAndIndex	FUNC
0x48e520	ControlClass::ControlClass	FUNC
0x48e570	ControlClass::ControlClass	FUNC
0x48e650	GadgetClass::PeerToPeer	FUNC
0x48e740	ConvertClass::ConvertClass	FUNC
0x490b90	ConvertClass::SelectPlainBlitter	FUNC
0x490e50	ConvertClass::SelectRLEBlitter	FUNC
0x4a1c10	CRCEngine::operator	FUNC
0x4a1ca0	CRCEngine::operator	FUNC
0x4a1d30	CRCEngine::operator	FUNC
0x4a1d50	CRCEngine::operator	FUNC
0x4a1d70	CRCEngine::operator	FUNC
0x4a1d90	CRCEngine::operator	FUNC
0x4a1de0	CRCEngine::operator	FUNC
0x4a3890	FileClass::ReadWholeFile	FUNC
0x4a50f0	unknown	FUNC
0x4a5150	unknown	FUNC
0x4a51f0	unknown	FUNC
0x4a5240	unknown	FUNC
0x4a5290	unknown	FUNC
0x4a52f0	unknown	FUNC
0x4a5360	unknown	FUNC
0x4a71a0	DiskLaserClass::Fire	FUNC
0x4a7900	DiskLaserClass::PointerGotInvalid	FUNC
0x4a7a30	DiskLaserClass::DiskLaserClass	FUNC
0x4a80d0	CDDriveManagerClass::GetCDNumber	FUNC
0x4a8bf0	DisplayClass::SetActiveFoundation	FUNC
0x4a8eb0	DisplayClass::PassesProximityCheck	FUNC
0x4a94f0	DisplayClass::FoundationBoundsSize	FUNC
0x4a95a0	DisplayClass::MarkFoundation	FUNC
0x4a9720	DisplayClass::Submit	FUNC
0x4a9770	DisplayClass::Remove	FUNC
0x4aa2b0	MapClass::NextObject	FUNC
0x4aa440	MapClass::PickCellOnEdge	FUNC
0x4ac660	MapClass::SetSellMode	FUNC
0x4ac700	MapClass::SetWaypointMode	FUNC
0x4ac820	MapClass::SetTogglePowerMode	FUNC
0x4ac8c0	MapClass::SetRepairMode	FUNC
0x4ac960	MapClass::SetPlaceBeaconMode	FUNC
0x4ae290	MapClass::CenterMap	FUNC
0x4aeba0	GadgetClass::GetID	FUNC
0x4af540	DriveLocomotionClass::DriveLocomotionClass	FUNC
0x4b4e10	DropListClass::DropListClass	FUNC
0x4b5630	ShapeButtonClass::SetShape	FUNC
0x4b5780	GadgetClass::Clicked	FUNC
0x4b5ab0	DropPodLocomotionClass::DropPodLocomotionClass	FUNC
0x4b69b0	BaseClass::DropshipStruct	FUNC
0x4b69d0	BaseClass::~DropshipStruct	FUNC
0x4c1e10	EBolt::EBolt	FUNC
0x4c1e50	EBolt::ClearOwner	FUNC
0x4c2a60	EBolt::Fire	FUNC
0x4c2b40	EBolt::GetSourceCoords	FUNC
0x4c2bd0	EBolt::SetOwner	FUNC
0x4c2c10	EBolt::~EBolt	FUNC
0x4c2fc0	EditClass::ControlClass	FUNC
0x4c52b0	EMPulseClass::EMPulseClass	FUNC
0x4c6210	EvadeClass::Do	FUNC
0x4c65a0	EventClass::EventClass	FUNC
0x4c65e0	EventClass::EventClass	FUNC
0x4c6650	EventClass::EventClass	FUNC
0x4c66c0	EventClass::EventClass	FUNC
0x4c6780	EventClass::EventClass	FUNC
0x4c6800	EventClass::EventClass	FUNC
0x4c6860	EventClass::EventClass	FUNC
0x4c68e0	EventClass::EventClass	FUNC
0x4c6970	EventClass::EventClass	FUNC
0x4c69e0	EventClass::EventClass	FUNC
0x4c6a60	EventClass::EventClass	FUNC
0x4c6ae0	EventClass::EventClass	FUNC
0x4c6b60	EventClass::EventClass	FUNC
0x4c6be0	EventClass::EventClass	FUNC
0x4c6c50	EventClass::EventClass	FUNC
0x4c9220	FacingClass::SetDesired	FUNC
0x4c9480	FacingClass::IsRotating	FUNC
0x4c94b0	FacingClass::IsRotatingCW	FUNC
0x4c94f0	FacingClass::IsRotatingCCW	FUNC
0x4c98b0	FactoryClass::FactoryClass	FUNC
0x4c9c60	FactoryClass::HasProgressChanged	FUNC
0x4c9c70	FactoryClass::DemandProduction	FUNC
0x4c9e10	FactoryClass::SetObject	FUNC
0x4c9e60	FactoryClass::Suspend	FUNC
0x4c9ea0	FactoryClass::Unsuspend	FUNC
0x4c9fb0	FactoryClass::GetBuildTimeFrames	FUNC
0x4c9ff0	FactoryClass::AbandonProduction	FUNC
0x4ca120	FactoryClass::GetProgress	FUNC
0x4ca130	FactoryClass::IsDone	FUNC
0x4ca180	FactoryClass::GetCostPerStep	FUNC
0x4ca1a0	FactoryClass::CompletedProduction	FUNC
0x4ca5a0	FactoryClass::StartProduction	FUNC
0x4ca620	FactoryClass::RemoveOneFromQueue	FUNC
0x4ca670	FactoryClass::CountTotal	FUNC
0x4ca6b0	FactoryClass::IsQueued	FUNC
0x4cb580	FieldClass::FieldClass	FUNC
0x4cb5e0	FieldClass::FieldClass	FUNC
0x4cb640	FieldClass::FieldClass	FUNC
0x4cb6a0	FieldClass::FieldClass	FUNC
0x4cb700	FieldClass::FieldClass	FUNC
0x4cb760	FieldClass::FieldClass	FUNC
0x4cb7c0	FieldClass::FieldClass	FUNC
0x4cb830	FieldClass::FieldClass	FUNC
0x4cb890	FieldClass::~FieldClass	FUNC
0x4cb8b0	FieldClass::HostToNet	FUNC
0x4cb920	FieldClass::NetToHost	FUNC
0x4cbba0	FootClass::FindPath	FUNC
0x4cc770	PassengersClass::Update	FUNC
0x4cc9a0	FlyLocomotionClass::LocomotionClass	FUNC
0x4d31e0	FootClass::FootClass	FUNC
0x4d3920	FootClass::UpdatePathfinding	FUNC
0x4d6aa0	FootClass::Mission_AreaGuard	FUNC
0x4d9920	FootClass::GreatestThreat	FUNC
0x4da0e0	FootClass::QueueNavigationList	FUNC
0x4da1c0	FootClass::ClearNavigationList	FUNC
0x4da230	FootClass::CanBeRecruited	FUNC
0x4dcfe0	FootClass::MoveToTiberium	FUNC
0x4ddb90	FootClass::MoveToWeed	FUNC
0x4de630	FootClass::EnterAsPassenger	FUNC
0x4de670	FootClass::RemovePassenger	FUNC
0x4de710	FootClass::RemoveFirstPassenger	FUNC
0x4df0d0	FootClass::AbortMotion	FUNC
0x4e00b0	FootClass::Jumpjet_OccupyCell	FUNC
0x4e12f0	GadgetClass::GadgetClass	FUNC
0x4e1340	GadgetClass::GadgetClass	FUNC
0x4e1390	GadgetClass::~GadgetClass	FUNC
0x4e13f0	GadgetClass::Clicked	FUNC
0x4e1450	GadgetClass::Enable	FUNC
0x4e1460	GadgetClass::Disable	FUNC
0x4e1480	GadgetClass::Remove	FUNC
0x4e14a0	GadgetClass::GetNext	FUNC
0x4e14b0	GadgetClass::GetPrev	FUNC
0x4e14c0	GadgetClass::DeleteList	FUNC
0x4e1510	GadgetClass::OnMouseEnter	FUNC
0x4e1520	GadgetClass::OnMouseLeave	FUNC
0x4e1530	GadgetClass::Action	FUNC
0x4e1550	GadgetClass::Draw	FUNC
0x4e1570	GadgetClass::DrawAll	FUNC
0x4e15a0	GadgetClass::ExtractGadgetAt	FUNC
0x4e1640	GadgetClass::Input	FUNC
0x4e1920	GadgetClass::ExtractGadget	FUNC
0x4e1960	GadgetClass::MarkRedraw	FUNC
0x4e1970	GadgetClass::StickyProcess	FUNC
0x4e19a0	GadgetClass::SetFocus	FUNC
0x4e19d0	GadgetClass::KillFocus	FUNC
0x4e19f0	GadgetClass::IsFocused	FUNC
0x4e1a00	GadgetClass::IsListToRedraw	FUNC
0x4e1a20	GadgetClass::SetPosition	FUNC
0x4e1a40	GadgetClass::SetDimension	FUNC
0x4e2500	GaugeClass::ControlClass	FUNC
0x4e2a50	TriColorGaugeClass::GaugeClass	FUNC
0x4e6070	CDDriveManagerClass::CDDriveManagerClass	FUNC
0x4e7de0	VersionClass::~VersionClass	FUNC
0x4f42f0	MapClass::RedrawSidebar	FUNC
0x4f4480	GScreenClass::Render	FUNC
0x4f54a0	HouseClass::HouseClass	FUNC
0x4f6e70	HouseClass::GetStoragePercentage	FUNC
0x4f6ec0	HouseClass::AssignHandicap	FUNC
0x4f7870	HouseClass::CanBuild	FUNC
0x4f83c0	HouseClass::GetFactoryProducing	FUNC
0x4f93e0	HouseClass::BuildingUnderAttack	FUNC
0x4f9610	HouseClass::GiveTiberium	FUNC
0x4f9750	HouseClass::GetWeedStoragePercentage	FUNC
0x4f9790	HouseClass::TakeMoney	FUNC
0x4f9950	HouseClass::GiveMoney	FUNC
0x4f9970	HouseClass::UpdateAllSilos	FUNC
0x4f9a10	HouseClass::IsAlliedWith	FUNC
0x4f9a50	HouseClass::IsAlliedWith	FUNC
0x4f9a90	HouseClass::IsAlliedWith	FUNC
0x4f9af0	HouseClass::IsAlliedWith	FUNC
0x4f9b50	HouseClass::MakeAlly	FUNC
0x4f9b70	HouseClass::MakeAlly	FUNC
0x4f9f90	HouseClass::MakeEnemy	FUNC
0x4fae50	HouseClass::Fire_SW	FUNC
0x4fb6b0	HouseClass::RegisterJustBuilt	FUNC
0x4fb920	HouseClass::SDDTORAllAndTriggers	FUNC
0x4fbe40	HouseClass::UpdateFlagCoords	FUNC
0x4fbf60	HouseClass::DroppedFlag	FUNC
0x4fc060	HouseClass::PickedUpFlag	FUNC
0x4fc0b0	HouseClass::AcceptDefeat	FUNC
0x4fc6d0	HouseClass::DestroyAll	FUNC
0x4fc790	HouseClass::DestroyAllBuildings	FUNC
0x4fc820	HouseClass::DestroyAllNonBuildingsNonNaval	FUNC
0x4fc8d0	HouseClass::DestroyAllNonBuildingsNaval	FUNC
0x4fc980	HouseClass::FlagToDie	FUNC
0x4fc9e0	HouseClass::Win	FUNC
0x4fcbd0	HouseClass::Lose	FUNC
0x4fcdc0	HouseClass::ForceEnd	FUNC
0x4fce30	HouseClass::GetPowerPercentage	FUNC
0x4fce80	HouseClass::SellWall	FUNC
0x4fd060	HouseClass::FindBuildingOfType	FUNC
0x4fe3e0	HouseClass::AI_BaseConstructionUpdate	FUNC
0x4fea60	HouseClass::AI_VehicleConstructionUpdate	FUNC
0x4ff550	HouseClass::RemoveTracking	FUNC
0x4ff700	HouseClass::AddTracking	FUNC
0x500510	HouseClass::GetPrimaryFactory	FUNC
0x500850	HouseClass::SetPrimaryFactory	FUNC
0x501540	HouseClass::CanAlly	FUNC
0x501640	HouseClass::AllyAIHouses	FUNC
0x501ac0	HouseClass::PickRandomCellInZone	FUNC
0x5023b0	HouseClass::GetPlanningWaypointAt	FUNC
0x502460	HouseClass::GetPlanningWaypointProperties	FUNC
0x5025f0	HouseClass::RegisterLoss	FUNC
0x502a80	HouseClass::RegisterGain	FUNC
0x504740	HouseClass::EnsurePlanningPathExists	FUNC
0x504790	HouseClass::UpdateAngerNodes	FUNC
0x5051e0	HouseClass::FirstBuildableFromArray	FUNC
0x505360	HouseClass::AllPrerequisitesAvailable	FUNC
0x508c30	HouseClass::UpdatePower	FUNC
0x509130	HouseClass::AcquiredThreatNode	FUNC
0x509140	HouseClass::Update_FactoriesQueues	FUNC
0x509400	HouseClass::AdjustThreats	FUNC
0x5098f0	HouseClass::AI_TryFireSW	FUNC
0x509cd0	HouseClass::Fire_ParaDrop	FUNC
0x509e00	HouseClass::Fire_LightningStorm	FUNC
0x509f60	HouseClass::Fire_GenMutator	FUNC
0x50a150	HouseClass::Fire_PsyDom	FUNC
0x50b1d0	HouseClass::AISupers	FUNC
0x50b6f0	HouseClass::IsControlledByCurrentPlayer	FUNC
0x50b730	HouseClass::IsControlledByHuman	FUNC
0x50bc90	HouseClass::CreatePowerOutage	FUNC
0x50bcd0	HouseClass::CreateRadarOutage	FUNC
0x50bd10	HouseClass::ReshroudMap	FUNC
0x50bd30	HouseClass::GetArmorMultiplier	FUNC
0x50bf60	HouseClass::CalculateCostMultipliers	FUNC
0x50c8c0	HouseClass::Cheer	FUNC
0x50cbf0	HouseClass::PickIonCannonTarget	FUNC
0x50d170	HouseClass::PickTargetByType	FUNC
0x50d320	HouseClass::RespawnStartingBuildings	FUNC
0x50d440	HouseClass::RespawnStartingForces	FUNC
0x50d9e0	HouseClass::GetInfSelfHealStep	FUNC
0x50d9f0	HouseClass::GetUnitSelfHealStep	FUNC
0x50e0e0	HouseClass::LostPoweredCenter	FUNC
0x50e1b0	HouseClass::GainedPoweredCenter	FUNC
0x510860	unknown	FUNC
0x5113f0	HouseTypeClass::HouseTypeClass	FUNC
0x513c20	HoverLocomotionClass::LocomotionClass	FUNC
0x514f70	HoverLocomotionClass::sub_514F70	FUNC
0x5164d0	HoverLocomotionClass::sub_5164D0	FUNC
0x517a50	InfantryClass::InfantryClass	FUNC
0x51c8b0	InfantryClass::GetFireError	FUNC
0x51e3b0	InfantryClass::MouseOverObject	FUNC
0x5236a0	InfantryTypeClass::InfantryTypeClass	FUNC
0x5256f0	INISection::~INIClass	FUNC
0x5257c0	INISection::Clear	FUNC
0x526810	INISection::GetSection	FUNC
0x526960	INISection::GetKeyCount	FUNC
0x526b00	INISection::Reset	FUNC
0x526cc0	INISection::GetKeyName	FUNC
0x526e80	INISection::WriteUUBlock	FUNC
0x526fb0	INISection::ReadUUBlock	FUNC
0x5275c0	INISection::WriteInteger	FUNC
0x5276d0	INISection::ReadInteger	FUNC
0x528660	INISection::WriteString	FUNC
0x528a10	INISection::ReadString	FUNC
0x528e00	INISection::WriteUnicodeString	FUNC
0x528f00	INISection::ReadUnicodeString	FUNC
0x529160	variables::ReadStringtableEntry	FUNC
0x529560	INISection::WriteBool	FUNC
0x5295f0	INISection::ReadBool	FUNC
0x5297e0	INISection::Write2Integers	FUNC
0x529880	INISection::Read2Integers	FUNC
0x529ca0	INISection::Read3Integers	FUNC
0x52a760	INISection::ReadTime	FUNC
0x52a940	INISection::WriteTime	FUNC
0x5301a0	MixFileClass::Bootstrap	FUNC
0x535aa0	INISection::INIClass	FUNC
0x53a130	HouseClass::IonSensitivesShouldBeOffline	FUNC
0x53c450	TechnoClass::CanBePermaMindControlled	FUNC
0x53cb10	IonBlastClass::IonBlastClass	FUNC
0x53cb90	IonBlastClass::~IonBlastClass	FUNC
0x53cbe0	IonBlastClass::Update	FUNC
0x540c60	IPXManagerClass::SetTiming	FUNC
0x540f00	IPXManagerClass::Delete_Connection	FUNC
0x5410f0	IPXManagerClass::Send_Global_Message	FUNC
0x541820	IPXManagerClass::Service	FUNC
0x542450	IPXManagerClass::ResponseTime	FUNC
0x543780	IsometricTileClass::IsometricTileClass	FUNC
0x5447c0	IsometricTileTypeClass::IsometricTileTypeClass	FUNC
0x54ac40	JumpjetLocomotionClass::LocomotionClass	FUNC
0x54e3b0	Kamikaze::Add	FUNC
0x54e4d0	Kamikaze::Update	FUNC
0x54e590	Kamikaze::Remove	FUNC
0x54e690	Kamikaze::~Kamikaze	FUNC
0x54e6f0	Kamikaze::Clear	FUNC
0x54e750	Kamikaze::Save	FUNC
0x54e7b0	Kamikaze::Load	FUNC
0x54f5c0	InputManagerClass::IsKeyPressed	FUNC
0x54f720	InputManagerClass::DoSomething	FUNC
0x54fe60	LaserDrawClass::LaserDrawClass	FUNC
0x54ffb0	LaserDrawClass::~LaserDrawClass	FUNC
0x5519b0	LayerClass::AddObject	FUNC
0x551a30	LayerClass::Sort	FUNC
0x551b20	LayerClass::Save	FUNC
0x551b90	LayerClass::Load	FUNC
0x5520a0	LCWPipe::Put	FUNC
0x5522d0	LCWPipe::Flush	FUNC
0x552490	LCWStraw::Get	FUNC
0x552a40	LoadProgressManager::LoadProgressManager	FUNC
0x552aa0	LoadProgressManager::~LoadProgressManager	FUNC
0x552d60	LoadProgressManager::Draw	FUNC
0x554760	LightSourceClass::LightSourceClass	FUNC
0x554a60	LightSourceClass::Activate	FUNC
0x554a80	LightSourceClass::Deactivate	FUNC
0x554aa0	LightSourceClass::ChangeLevels	FUNC
0x555da0	LightConvertClass::LightConvertClass	FUNC
0x556090	LightConvertClass::UpdateColors	FUNC
0x556550	LinkClass::LinkClass	FUNC
0x5565a0	LinkClass::~LinkClass	FUNC
0x5565f0	LinkClass::Zap	FUNC
0x556600	LinkClass::Remove	FUNC
0x556620	LinkClass::GetNext	FUNC
0x556630	LinkClass::GetPrev	FUNC
0x556640	LinkClass::HeadOfList	FUNC
0x556670	LinkClass::TailOfList	FUNC
0x5566a0	LinkClass::Add	FUNC
0x5566d0	LinkClass::AddHead	FUNC
0x556700	LinkClass::AddTail	FUNC
0x556730	LinkClass::Remove	FUNC
0x556a20	LineTrail::LineTrail	FUNC
0x556b30	LineTrail::~LineTrail	FUNC
0x556b50	LineTrail::SetDecrement	FUNC
0x557230	ListClass::ListClass	FUNC
0x5581a0	SliderClass::GaugeClass	FUNC
0x558740	LoadOptionsClass::LoadOptionsClass	FUNC
0x5587f0	LoadOptionsClass::LoadDialog	FUNC
0x559d60	LoadOptionsClass::LoadMission	FUNC
0x559e7b	LoadOptionsClass::SaveMission	FUNC
0x559eb0	LoadOptionsClass::DeleteMission	FUNC
0x559ed0	LoadOptionsClass::GetFileEntry	FUNC
0x55a050	LoadOptionsClass::GetUIString_Load	FUNC
0x55a070	LoadOptionsClass::GetUIString_Save	FUNC
0x55a090	LoadOptionsClass::GetUIString_Delete	FUNC
0x55a0b0	LoadOptionsClass::GetUIString_GameSaved	FUNC
0x55a0d0	LoadOptionsClass::~LoadOptionsClass	FUNC
0x55a6c0	ID::LocomotionClass	FUNC
0x55afb0	LogicClass::Update	FUNC
0x55b880	LogicClass::PointerGotInvalid	FUNC
0x55baa0	LogicClass::AddObject	FUNC
0x55bae0	LogicClass::RemoveObject	FUNC
0x565730	MapClass::GetTargetCell	FUNC
0x5673a0	unknown	FUNC
0x5678e0	unknown	FUNC
0x567da0	MapClass::RevealArea3	FUNC
0x568300	MapClass::CoordinatesLegal	FUNC
0x568350	MapClass::CoordinatesLegal	FUNC
0x5683c0	MapClass::AddContentAt	FUNC
0x5687f0	MapClass::RemoveContentAt	FUNC
0x56bcd0	MapClass::GetThreatPosed	FUNC
0x56bec0	MapClass::PlacePowerupCrate	FUNC
0x56c510	MapClass::Update_Pathfinding_1	FUNC
0x56d230	MapClass::GetMovementZoneType	FUNC
0x56d460	MapClass::ResetZones	FUNC
0x56d5a0	MapClass::RecalculateZones	FUNC
0x56dc20	MapClass::NearByLocation	FUNC
0x570050	MapClass::RepairWoodBridgeAt	FUNC
0x573540	MapClass::RepairConcreteBridgeAt	FUNC
0x574000	MapClass::DestroyConcreteBridgeAt	FUNC
0x574c20	MapClass::DestroyWoodBridgeAt	FUNC
0x577ab0	MapClass::Reshroud	FUNC
0x577d90	MapClass::Reveal	FUNC
0x578080	MapClass::GetCellFloorHeight	FUNC
0x578390	MapClass::InLocalRadar	FUNC
0x578460	MapClass::IsWithinUsableArea	FUNC
0x578540	MapClass::IsWithinUsableArea	FUNC
0x5785f0	MapClass::IsWithinUsableArea	FUNC
0x578ad0	MapClass::MakeTraversable	FUNC
0x581140	MapClass::DestroyCliff	FUNC
0x584550	MapClass::RecalculateSubZones	FUNC
0x586360	MapClass::IsLocationShrouded	FUNC
0x5865e0	MapClass::IsLocationFogged	FUNC
0x5865f0	MapClass::RevealCheck	FUNC
0x586780	MapClass::IsAreaFree	FUNC
0x586990	MapClass::Update_Pathfinding_2	FUNC
0x587410	MapClass::IsLinkedBridgeDestroyed	FUNC
0x5880a0	MapClass::FindFirstFirestorm	FUNC
0x588570	MapClass::BuildingToFirestormWall	FUNC
0x588750	MapClass::BuildingToWall	FUNC
0x595680	MapSeedClass::MapSeedClass	FUNC
0x597760	MapSeedClass::SaveMission	FUNC
0x597a30	MapSeedClass::LoadMission	FUNC
0x597d50	MapSeedClass::DeleteMission	FUNC
0x597d60	MapSeedClass::GetFileEntry	FUNC
0x597f80	MapSeedClass::GetUIString_Load	FUNC
0x597fa0	MapSeedClass::GetUIString_Save	FUNC
0x597fc0	MapSeedClass::GetUIString_Delete	FUNC
0x597fe0	MapSeedClass::GetUIString_GameSaved	FUNC
0x5ac270	MapSeedClass::~MapSeedClass	FUNC
0x5ae610	Matrix3D::Matrix3D	FUNC
0x5ae630	unknown	FUNC
0x5ae690	unknown	FUNC
0x5ae6f0	Matrix3D::Matrix3D	FUNC
0x5ae750	Matrix3D::Matrix3D	FUNC
0x5ae860	Matrix3D::MakeIdentity	FUNC
0x5ae890	Matrix3D::Translate	FUNC
0x5ae8f0	Matrix3D::Translate	FUNC
0x5ae980	Matrix3D::TranslateX	FUNC
0x5ae9b0	Matrix3D::TranslateY	FUNC
0x5ae9e0	Matrix3D::TranslateZ	FUNC
0x5aea10	Matrix3D::Scale	FUNC
0x5aea70	Matrix3D::Scale	FUNC
0x5aead0	Matrix3D::ScaleX	FUNC
0x5aeaf0	Matrix3D::ScaleY	FUNC
0x5aeb20	Matrix3D::ScaleZ	FUNC
0x5aeb50	Matrix3D::ShearYZ	FUNC
0x5aeba0	Matrix3D::ShearXY	FUNC
0x5aebf0	Matrix3D::ShearXZ	FUNC
0x5aec40	Matrix3D::PreRotateX	FUNC
0x5aed50	Matrix3D::PreRotateY	FUNC
0x5aee50	Matrix3D::PreRotateZ	FUNC
0x5aef60	Matrix3D::RotateX	FUNC
0x5af000	Matrix3D::RotateX	FUNC
0x5af080	Matrix3D::RotateY	FUNC
0x5af120	Matrix3D::RotateY	FUNC
0x5af1a0	Matrix3D::RotateZ	FUNC
0x5af240	Matrix3D::RotateZ	FUNC
0x5af2c0	Matrix3D::GetXVal	FUNC
0x5af310	Matrix3D::GetYVal	FUNC
0x5af360	Matrix3D::GetZVal	FUNC
0x5af3b0	Matrix3D::GetXRotation	FUNC
0x5af410	Matrix3D::GetYRotation	FUNC
0x5af470	Matrix3D::GetZRotation	FUNC
0x5af4d0	Matrix3D::__RotateVector	FUNC
0x5af550	Matrix3D::LookAt1	FUNC
0x5af710	Matrix3D::LookAt2	FUNC
0x5b3700	MissionControlClass::MissionControlClass	FUNC
0x5b3740	MissionControlClass::GetName	FUNC
0x5b3760	MissionControlClass::LoadFromINI	FUNC
0x5c0e90	MPGameModeClass::vt_entry_58	FUNC
0x5c0eb0	MPGameModeClass::vt_entry_54	FUNC
0x5c0fe0	MPBattleClass::~MPBattleClass	FUNC
0x5c5ce0	MPFreeForAllClass::MPFreeForAllClass	FUNC
0x5c5d30	MPFreeForAllClass::vt_entry_10	FUNC
0x5c5d40	MPFreeForAllClass::vt_entry_14	FUNC
0x5c5d90	MPFreeForAllClass::vt_entry_18	FUNC
0x5c5dd0	MPFreeForAllClass::PopulateTeamDropdownForPlayer	FUNC
0x5c6150	MPManBattleClass::MPManBattleClass	FUNC
0x5c93e0	MPMegawealthClass::MPMegawealthClass	FUNC
0x5c9430	MPMegawealthClass::vt_entry_8C	FUNC
0x5c9440	MPMegawealthClass::~MPMegawealthClass	FUNC
0x5c9470	MPObserverTeam::MPTeam	FUNC
0x5ca630	MPSiegeClass::MPSiegeClass	FUNC
0x5ca680	MPSiegeClass::vt_entry_10	FUNC
0x5ca6d0	MPSiegeClass::vt_entry_14	FUNC
0x5ca7d0	MPSiegeClass::vt_entry_18	FUNC
0x5ca800	MPSiegeClass::StartingPositionsToHouseBaseCells2	FUNC
0x5ca9b0	MPSiegeClass::CreateMPTeams	FUNC
0x5caa50	MPSiegeClass::SpawnBaseUnits	FUNC
0x5cabd0	MPSiegeClass::~MPSiegeClass	FUNC
0x5cae10	MPSiegeDefenderTeam::MPTeam	FUNC
0x5caeb0	MPSiegeAttackerTeam::MPTeam	FUNC
0x5cb3a0	MPUnholyAllianceClass::MPUnholyAllianceClass	FUNC
0x5cb3f0	MPUnholyAllianceClass::vt_entry_10	FUNC
0x5cb400	MPUnholyAllianceClass::vt_entry_14	FUNC
0x5cb430	MPUnholyAllianceClass::vt_entry_18	FUNC
0x5cb440	MPUnholyAllianceClass::SpawnBaseUnits	FUNC
0x5cb540	MPUnholyAllianceClass::~MPUnholyAllianceClass	FUNC
0x5d3490	unknown	FUNC
0x5d39d0	MessageListClass::MessageListClass	FUNC
0x5d3a40	MessageListClass::~MessageListClass	FUNC
0x5d3a60	MessageListClass::Init	FUNC
0x5d3ba0	MessageListClass::AddMessage	FUNC
0x5d3f60	MessageListClass::GetMessage	FUNC
0x5d3f90	MessageListClass::GetLabel	FUNC
0x5d3fc0	MessageListClass::ConcatMessage	FUNC
0x5d41e0	MessageListClass::SetEditFocus	FUNC
0x5d41f0	MessageListClass::HasEditFocus	FUNC
0x5d4210	MessageListClass::AddEdit	FUNC
0x5d4390	MessageListClass::RemoveEdit	FUNC
0x5d4400	MessageListClass::GetEditBuffer	FUNC
0x5d4410	MessageListClass::SetEditColor	FUNC
0x5d4430	MessageListClass::Manage	FUNC
0x5d4510	MessageListClass::Input	FUNC
0x5d49a0	MessageListClass::Draw	FUNC
0x5d4aa0	MessageListClass::NumMessages	FUNC
0x5d4ad0	MessageListClass::SetWidth	FUNC
0x5d4b20	MessageListClass::TrimMessage	FUNC
0x5d4bf0	MessageListClass::ComputeY	FUNC
0x5d5b60	MPGameModeClass::MPGameModeClass	FUNC
0x5d5de0	MPGameModeClass::CanAllyWith	FUNC
0x5d62c0	MPGameModeClass::vt_entry_10	FUNC
0x5d6370	MPGameModeClass::FirstValidMapIndex	FUNC
0x5d6430	MPGameModeClass::RandomHumanCountryIndex	FUNC
0x5d6450	MPGameModeClass::PopulateTeamDropdown	FUNC
0x5d64c0	MPGameModeClass::DrawTeamDropdown	FUNC
0x5d6540	MPGameModeClass::PopulateTeamDropdownForPlayer	FUNC
0x5d6690	MPGameModeClass::CreateMPTeams	FUNC
0x5d6790	MPGameModeClass::UnfixAlliances	FUNC
0x5d6890	MPGameModeClass::AssignStartingPositionsToHouse	FUNC
0x5d6be0	MPGameModeClass::StartingPositionsToHouseBaseCells	FUNC
0x5d6c70	MPGameModeClass::StartingPositionsToHouseBaseCells2	FUNC
0x5d7030	MPGameModeClass::SpawnBaseUnits	FUNC
0x5d70f0	MPGameModeClass::GenerateStartingUnits	FUNC
0x5d74a0	MPGameModeClass::AllyTeams	FUNC
0x5d7f20	MPGameModeClass::~MPGameModeClass	FUNC
0x5d8170	MPBattleClass::MPBattleClass	FUNC
0x5d8c50	MPTeam::MPTeam	FUNC
0x5d8d10	MPTeam::AddToList	FUNC
0x5e2ba0	HouseClass::CountOtherUndefeatedHumanHouses	FUNC
0x5f3900	ObjectClass::ObjectClass	FUNC
0x5f3db0	AbstractClass::GetTargetDirection	FUNC
0x5f5940	ObjectClass::SpawnParachuted	FUNC
0x5f5b4c	ObjectClass::ReplaceTag	FUNC
0x5f5b50	ObjectClass::AttachTrigger	FUNC
0x5f5c80	ObjectClass::SetHealthPercentage	FUNC
0x5f5cd0	ObjectClass::IsRedHP	FUNC
0x5f5d20	ObjectClass::IsYellowHP	FUNC
0x5f5d90	ObjectClass::IsGreenHP	FUNC
0x5f5dd0	ObjectClass::GetHealthStatus	FUNC
0x5f5f00	ObjectClass::GetCellLevel	FUNC
0x5f6360	AbstractClass::DistanceFrom3D	FUNC
0x5f6440	AbstractClass::DistanceFrom	FUNC
0x5f65f0	ObjectClass::UnInit	FUNC
0x5f6b60	ObjectClass::IsOnFloor	FUNC
0x5f6b90	ObjectClass::IsInAir	FUNC
0x5f6bd0	ObjectClass::GetYSort	FUNC
0x5f6c10	ObjectClass::IsSurfaced	FUNC
0x5f6cd0	ObjectClass::IsCrushable	FUNC
0x5f7090	ObjectTypeClass::ObjectTypeClass	FUNC
0x5fb2e0	GameOptionsClass::GetAnimSpeed	FUNC
0x5fc380	OverlayClass::OverlayClass	FUNC
0x5fdd20	OverlayClass::GetTiberiumType	FUNC
0x5fe020	XSurface::XSurface	FUNC
0x5fe250	OverlayTypeClass::OverlayTypeClass	FUNC
0x5ff250	SpotlightClass::SpotlightClass	FUNC
0x5ff320	SpotlightClass::Update	FUNC
0x5ff850	SpotlightClass::Draw	FUNC
0x60d520	procedures::NewEditDefaultHandler	GLOBAL
0x60d540	procedures::ComboDropWindowHandler	GLOBAL
0x610ca0	procedures::DefaultHandler	GLOBAL
0x612a60	procedures::SysListViewHandler	GLOBAL
0x612b70	procedures::OwnerDrawButtonHandler	GLOBAL
0x6137d0	procedures::SysTabHandler	GLOBAL
0x614190	procedures::EditHandler	GLOBAL
0x614b30	procedures::NewEditHandler	GLOBAL
0x6153e0	procedures::StaticHandler	GLOBAL
0x6163a0	procedures::CheckBoxButtonHandler	GLOBAL
0x616980	procedures::AutoRadioButtonHandler	GLOBAL
0x617250	procedures::ComboBoxHandler	GLOBAL
0x618d40	procedures::ListBoxHandler	GLOBAL
0x61c690	procedures::ScrollBarHandler	GLOBAL
0x61d6d0	procedures::ProgressHandler	GLOBAL
0x61d950	procedures::TrackBarHandler	GLOBAL
0x61e700	procedures::GroupBoxButtonHandler	GLOBAL
0x61eca0	procedures::HotkeyHandler	GLOBAL
0x623340	WWUIStaticDrawMode::OwnerDrawDialogElement	FUNC
0x6233a0	WWUIStaticDrawMode::~OwnerDrawDialogElement	FUNC
0x6292b0	ParasiteClass::ParasiteClass	FUNC
0x629720	ParasiteClass::UpdateGrapple	FUNC
0x6297f0	ParasiteClass::UpdateSquid	FUNC
0x629e90	FootClass::CreateWakes	FUNC
0x62a4a0	ParasiteClass::ExitUnit	FUNC
0x62a8e0	ParasiteClass::CanInfect	FUNC
0x62a980	ParasiteClass::TryInfect	FUNC
0x62ab40	ParasiteClass::CanExistOnVictimCell	FUNC
0x62b5e0	ParticleClass::ParticleClass	FUNC
0x62dc50	ParticleSystemClass::ParticleSystemClass	FUNC
0x62e380	ParticleSystemClass::SpawnParticle	FUNC
0x62e430	ParticleSystemClass::SpawnParticle	FUNC
0x6339b0	TechnoClass::GetControllingHouse	FUNC
0x6385c0	TechnoClass::TryNextPlanningTokenNode	FUNC
0x6406e0	PreviewClass::PreviewClass	FUNC
0x6406f0	PreviewClass::~PreviewClass	FUNC
0x640710	PreviewClass::DrawStartPoints	FUNC
0x640a40	PreviewClass::DrawMap	FUNC
0x641140	PreviewClass::GeneratePreviewImage	FUNC
0x6418b0	PreviewClass::WritePreviewPack	FUNC
0x641b00	PreviewClass::ReadPreviewPack	FUNC
0x641db0	PreviewClass::ReadPCXPreview	FUNC
0x641ee0	PreviewClass::ReadPreview	FUNC
0x642130	PreviewClass::CreatePalettedPreview	FUNC
0x6425f0	PreviewClass::CreatePreviewSurface	FUNC
0x642b10	ProgressScreenClass::SetSide	FUNC
0x642b20	ProgressScreenClass::GetSide	FUNC
0x6440a0	ParticleSystemTypeClass::ParticleSystemTypeClass	FUNC
0x644be0	ParticleTypeClass::ParticleTypeClass	FUNC
0x653f50	RadarClass::CreateEmptyMap	FUNC
0x654490	RadarClass::SetVisibleRect	FUNC
0x6557f0	RadarClass::GetCrdOnRadar	FUNC
0x6562d0	RadarClass::RefreshCrd	FUNC
0x657ce0	MapClass::sub_657CE0	FUNC
0x65a750	RadioClass::RadioClass	FUNC
0x65ad50	RadioClass::ContainsLink	FUNC
0x65ad90	RadioClass::FindLinkIndex	FUNC
0x65adc0	RadioClass::HasFreeLink	FUNC
0x65adf0	RadioClass::HasFreeLink	FUNC
0x65ae30	RadioClass::HasAnyLink	FUNC
0x65ae60	RadioClass::SetLinkCount	FUNC
0x65b1e0	RadSiteClass::RadSiteClass	FUNC
0x65b2f0	RadarEventClass::~RadarEventClass	FUNC
0x65b4b0	RadSiteClass::GetSpread	FUNC
0x65b4c0	RadSiteClass::SetBaseCell	FUNC
0x65b4d0	RadSiteClass::SetSpread	FUNC
0x65b4f0	RadSiteClass::SetRadLevel	FUNC
0x65b510	RadSiteClass::GetRadLevel	FUNC
0x65b530	RadSiteClass::Add	FUNC
0x65b580	RadSiteClass::Activate	FUNC
0x65b8f0	RadSiteClass::GetRadLevelAt	FUNC
0x65b9c0	RadSiteClass::Radiate	FUNC
0x65bb50	RadSiteClass::Deactivate	FUNC
0x65bd00	RadSiteClass::DecreaseRadiation	FUNC
0x65be90	RadSiteClass::DecreaseLight	FUNC
0x65c5f0	FileClass::GetFileTime	FUNC
0x65c600	FileClass::SetFileTime	FUNC
0x65c6d0	Randomizer::Randomizer	FUNC
0x65c780	Randomizer::Random	FUNC
0x65c7e0	Randomizer::RandomRanged	FUNC
0x65ca70	RawFileClass::CDCheck	FUNC
0x65ca80	RawFileClass::RawFileClass	FUNC
0x65cac0	RawFileClass::SetFileName	FUNC
0x65cb30	RawFileClass::OpenEx	FUNC
0x65cb50	RawFileClass::Open	FUNC
0x65cbf0	RawFileClass::Exists	FUNC
0x65cca0	RawFileClass::Close	FUNC
0x65cce0	RawFileClass::ReadBytes	FUNC
0x65cdd0	RawFileClass::WriteBytes	FUNC
0x65cf00	RawFileClass::Seek	FUNC
0x65d0d0	RawFileClass::GetFileSize	FUNC
0x65d150	RawFileClass::CreateFile	FUNC
0x65d190	RawFileClass::DeleteFile	FUNC
0x65d1f0	RawFileClass::GetFileTime	FUNC
0x65d240	RawFileClass::SetFileTime	FUNC
0x65d2b0	RawFileClass::Bias	FUNC
0x65d420	RawFileClass::HasHandle	FUNC
0x65fb80	RadarEventClass::RadarEventClass	FUNC
0x661ec0	RocketLocomotionClass::RocketLocomotionClass	FUNC
0x665650	RulesClass::RulesClass	FUNC
0x667a30	RulesClass::~RulesClass	FUNC
0x6686c0	RulesClass::Init	FUNC
0x668bf0	RulesClass::Read_File	FUNC
0x668fb0	RulesClass::Read_SpecialWeapons	FUNC
0x6691e0	RulesClass::Read_AudioVisual	FUNC
0x66b900	RulesClass::Read_CrateRules	FUNC
0x66bbb0	RulesClass::Read_CombatDamage	FUNC
0x66cf70	RulesClass::Read_Radiation	FUNC
0x66d150	RulesClass::Read_ElevationModel	FUNC
0x66d1f0	RulesClass::Read_WallModel	FUNC
0x66d270	RulesClass::Read_Difficulty	FUNC
0x66d3a0	RulesClass::Read_Colors	FUNC
0x66d480	RulesClass::Read_ColorAdd	FUNC
0x66d530	RulesClass::Read_General	FUNC
0x671ea0	RulesClass::Read_MultiplayerDialogSettings	FUNC
0x672230	RulesClass::Read_Maximums	FUNC
0x672280	RulesClass::Read_InfantryTypes	FUNC
0x6722f0	RulesClass::Read_Countries	FUNC
0x672360	RulesClass::Read_VehicleTypes	FUNC
0x6723d0	RulesClass::Read_AircraftTypes	FUNC
0x672440	RulesClass::Read_Sides	FUNC
0x6725f0	RulesClass::Read_SuperWeaponTypes	FUNC
0x672660	RulesClass::Read_BuildingTypes	FUNC
0x6726d0	RulesClass::Read_TerrainTypes	FUNC
0x672740	RulesClass::Read_Teams_Obsolete	FUNC
0x6727d0	RulesClass::Read_SmudgeTypes	FUNC
0x672840	RulesClass::Read_OverlayTypes	FUNC
0x6728b0	RulesClass::Read_Animations	FUNC
0x672920	RulesClass::Read_VoxelAnims	FUNC
0x672990	RulesClass::Read_Warheads	FUNC
0x672a00	RulesClass::Read_Particles	FUNC
0x672a70	RulesClass::Read_ParticleSystems	FUNC
0x672ae0	RulesClass::Read_AI	FUNC
0x673e80	RulesClass::Read_Powerups	FUNC
0x674000	RulesClass::Read_LandCharacteristics	FUNC
0x674240	RulesClass::Read_IQ	FUNC
0x6743d0	RulesClass::Read_JumpjetControls	FUNC
0x674500	RulesClass::Read_Difficulties	FUNC
0x674550	RulesClass::Read_Movies	FUNC
0x674650	RulesClass::Read_AdvancedCommandBar	FUNC
0x678850	RulesClass::PointerGotInvalid	FUNC
0x679a10	RulesClass::LoadTypesFromINI	FUNC
0x679f40	INISection::Exists	FUNC
0x680ff0	SavegameInformation::SavegameInformation	FUNC
0x6812e0	SavegameInformation::Write	FUNC
0x681840	SavegameInformation::Read	FUNC
0x689d30	ScenarioClass::ReadStartPoints	FUNC
0x68bcc0	ScenarioClass::GetWaypointCoords	FUNC
0x68bd80	ScenarioClass::IsDefinedWaypoint	FUNC
0x68c710	ColorScheme::ColorScheme	FUNC
0x68c8d0	ColorScheme::~ColorScheme	FUNC
0x68c9c0	ColorScheme::FindByName	FUNC
0x6913c0	ScriptClass::AbstractClass	FUNC
0x691500	ScriptClass::GetCurrentAction	FUNC
0x691540	ScriptClass::GetNextAction	FUNC
0x691590	ScriptClass::ClearMission	FUNC
0x6915a0	ScriptClass::SetMission	FUNC
0x6915b0	ScriptClass::HasNextMission	FUNC
0x6916b0	ScriptTypeClass::ScriptTypeClass	FUNC
0x692300	DisplayClass::ProcessClickCoords	FUNC
0x692610	DisplayClass::DecideAction	FUNC
0x697b70	SessionClass::CreateConnections	FUNC
0x697e70	SessionClass::Am_I_Master	FUNC
0x699980	SessionClass::ReadScenarioDescriptions	FUNC
0x69bab0	SessionClass::Resume	FUNC
0x69dcf0	ShapeButtonClass::ShapeButtonClass	FUNC
0x69dd30	ShapeButtonClass::ShapeButtonClass	FUNC
0x69de70	ShapeButtonClass::ClearShape	FUNC
0x69dea0	ShapeButtonClass::SetLoadedStatus	FUNC
0x69dfc0	ShapeButtonClass::StartFlashing	FUNC
0x69dff0	ShapeButtonClass::StopFlashing	FUNC
0x69e010	ShapeButtonClass::AI	FUNC
0x69e050	ShapeButtonClass::IsFlashing	FUNC
0x69e060	ShapeButtonClass::ToFlash	FUNC
0x69ec50	ShipLocomotionClass::ShipLocomotionClass	FUNC
0x6a4550	SideClass::SideClass	FUNC
0x6a5f20	SidebarClass::OnTechnoDestroyed	FUNC
0x6a60a0	SidebarClass::RepaintSidebar	FUNC
0x6a6300	SidebarClass::AddCameo	FUNC
0x6a6610	SidebarClass::UpdateScrollButtons	FUNC
0x6a6a00	SidebarClass::Scroll	FUNC
0x6a6c30	SidebarClass::Draw	FUNC
0x6a70e0	SidebarClass::BlitSidebar	FUNC
0x6a7590	SidebarClass::SetTab	FUNC
0x6a8220	FactoryClass::Initialize	FUNC
0x6a8330	FactoryClass::Activate	FUNC
0x6a83e0	FactoryClass::Deactivate	FUNC
0x6a93f0	FactoryClass::AddButtons	FUNC
0x6a94b0	FactoryClass::RemoveButtons	FUNC
0x6ac430	SidebarClass::GetVisibleCameoCount	FUNC
0x6ac7c0	FactoryClass::ItemType	FUNC
0x6af1a0	SlaveManagerClass::SlaveManagerClass	FUNC
0x6af580	SlaveManagerClass::SetOwner	FUNC
0x6af650	SlaveManagerClass::CreateSlave	FUNC
0x6b0a20	SlaveManagerClass::LostSlave	FUNC
0x6b0ae0	SlaveManagerClass::Killed	FUNC
0x6b0c80	SlaveManagerClass::AllGuard	FUNC
0x6b0d60	SlaveManagerClass::Deploy2	FUNC
0x6b1020	SlaveManagerClass::ShouldWakeUpNow	FUNC
0x6b1b20	SliderClass::GaugeClass	FUNC
0x6b1ee0	SliderClass::RecalculateThumb	FUNC
0x6b4a50	SmudgeClass::SmudgeClass	FUNC
0x6b5260	SmudgeTypeClass::SmudgeTypeClass	FUNC
0x6b6c90	SpawnManagerClass::SpawnManagerClass	FUNC
0x6b7100	SpawnManagerClass::KillNodes	FUNC
0x6b7b90	SpawnManagerClass::SetTarget	FUNC
0x6b7bb0	SpawnManagerClass::ResetTarget	FUNC
0x6b7c40	SpawnManagerClass::UpdateTarget	FUNC
0x6b7c60	SpawnManagerClass::UnlinkPointer	FUNC
0x6b7d30	SpawnManagerClass::CountAliveSpawns	FUNC
0x6b7d50	SpawnManagerClass::CountDockedSpawns	FUNC
0x6b7d80	SpawnManagerClass::CountLaunchingSpawns	FUNC
0x6b9d00	PCX::ForceLoadFile	FUNC
0x6ba140	PCX::GetSurface	FUNC
0x6ba580	PCX::BlitToSurface	FUNC
0x6c9600	CRCEngine::GetTotalValue	FUNC
0x6c9650	CRCEngine::GetTotalAmount	FUNC
0x6c9680	CRCEngine::GetAmount	FUNC
0x6c9690	CRCEngine::AddAmount	FUNC
0x6c96b0	CRCEngine::RemoveAmount	FUNC
0x6caf90	SuperClass::SuperClass	FUNC
0x6cb3a0	SuperClass::CreateChronoAnim	FUNC
0x6cb4d0	SuperClass::SetOnHold	FUNC
0x6cb560	SuperClass::Grant	FUNC
0x6cb7b0	SuperClass::Lose	FUNC
0x6cb820	SuperClass::SetReadiness	FUNC
0x6cb830	SuperClass::StopPreclickAnim	FUNC
0x6cb920	SuperClass::ClickFire	FUNC
0x6cbca0	SuperClass::changed	FUNC
0x6cbee0	SuperClass::AnimStage	FUNC
0x6cc1e0	SuperClass::SetCharge	FUNC
0x6cc260	SuperClass::GetRechargeTime	FUNC
0x6cc280	SuperClass::SetRechargeTime	FUNC
0x6cc290	SuperClass::ResetRechargeTime	FUNC
0x6cc2b0	SuperClass::NameReadiness	FUNC
0x6cc360	SuperClass::CanFire	FUNC
0x6cc390	SuperClass::Launch	FUNC
0x6cde90	SuperClass::ShouldDrawProgress	FUNC
0x6ce0b0	SuperClass::Reset	FUNC
0x6ce1a0	SuperClass::ShouldFlashTab	FUNC
0x6ce5b0	SuperWeaponTypeClass::SuperWeaponTypeClass	FUNC
0x6cf180	SwizzleManagerClass::SwizzleManagerClass	FUNC
0x6d1810	unknown	FUNC
0x6d1f10	TacticalClass::CoordsToScreen	FUNC
0x6d1fe0	TacticalClass::AdjustForZShapeMove	FUNC
0x6d2070	TacticalClass::ApplyMatrix_Pixel	FUNC
0x6d2140	TacticalClass::CoordsToClient	FUNC
0x6d2280	TacticalClass::ClientToCoords	FUNC
0x6d2420	TacticalClass::FocusOn	FUNC
0x6d2790	TacticalClass::RegisterDirtyArea	FUNC
0x6d3d10	TacticalClass::Render	FUNC
0x6d6070	TacticalClass::SetTacticalPosition	FUNC
0x6d6590	TacticalClass::CoordsToCell	FUNC
0x6d8700	TacticalClass::GetOcclusion	FUNC
0x6d9ef0	TacticalClass::AddSelectable	FUNC
0x6da7d0	TacticalClass::RegisterCellAsVisible	FUNC
0x6dd000	TActionClass::TActionClass	FUNC
0x6dd300	TActionClass::PrepareSaveToINI	FUNC
0x6dd5b0	TActionClass::LoadFromINI	FUNC
0x6dd8b0	TActionClass::Execute	FUNC
0x6e45e0	TActionClass::FindHouseByIndex	FUNC
0x6e4de0	TagClass::TagClass	FUNC
0x6e5230	TagClass::Destroy	FUNC
0x6e5300	TagClass::HasCrossesVerticalLineEvent	FUNC
0x6e5320	TagClass::HasCrossesHorizontalLineEvent	FUNC
0x6e5340	TagClass::HasZoneEntryByEvent	FUNC
0x6e5360	TagClass::HasAllowWinAction	FUNC
0x6e5380	TagClass::ContainsTrigger	FUNC
0x6e53a0	TagClass::RaiseEvent	FUNC
0x6e55a0	TagClass::GlobalChanged	FUNC
0x6e55b0	TagClass::LocalChanged	FUNC
0x6e55c0	TagClass::AddTrigger	FUNC
0x6e55d0	TagClass::RemoveTrigger	FUNC
0x6e57c0	TagClass::ShouldReplace	FUNC
0x6e5850	TagClass::IsOnlyInstanceOfType	FUNC
0x6e5dd0	TagTypeClass::AddTrigger	FUNC
0x6e5e00	TagTypeClass::RemoveTrigger	FUNC
0x6e61f0	TagTypeClass::GetFlags	FUNC
0x6e6220	TagTypeClass::HasAllowWinAction	FUNC
0x6e6250	TagTypeClass::HasCrossesHorizontalLineEvent	FUNC
0x6e6280	TagTypeClass::HasCrossesVerticalLineEvent	FUNC
0x6e62b0	TagTypeClass::HasZoneEntryByEvent	FUNC
0x6e62e0	TagTypeClass::ContainsTrigger	FUNC
0x6e6ab0	TargetClass::TargetClass	FUNC
0x6e6b20	TargetClass::TargetClass	FUNC
0x6e6b70	TargetClass::TargetClass	FUNC
0x6e7e80	TaskForceClass::TaskForceClass	FUNC
0x6e8a90	TeamClass::TeamClass	FUNC
0x6e9050	TeamClass::AssignMissionTarget	FUNC
0x6ea500	TeamClass::AddMember	FUNC
0x6ea870	TeamClass::LiberateMember	FUNC
0x6ec3a0	TeamClass::ScanLimit	FUNC
0x6ec3d0	TeamClass::FetchALeader	FUNC
0x6ef4d0	TeamClass::GetTaskForceMissingMemberTypes	FUNC
0x6f06e0	TeamTypeClass::TeamTypeClass	FUNC
0x6f09c0	TeamTypeClass::CreateTeam	FUNC
0x6f0a70	TeamTypeClass::DestroyAllInstances	FUNC
0x6f1320	TeamTypeClass::CanRecruitUnit	FUNC
0x6f1870	TeamTypeClass::GetGroup	FUNC
0x6f18a0	TeamTypeClass::GetWaypoint	FUNC
0x6f18e0	TeamTypeClass::GetTransportWaypoint	FUNC
0x6f1f30	TeamTypeClass::FlashAllInstances	FUNC
0x6f1f70	TeamTypeClass::FindFirstInstance	FUNC
0x6f1fa0	TeamTypeClass::ProcessTaskForce	FUNC
0x6f2070	TeamTypeClass::GetHouse	FUNC
0x6f2b40	TechnoClass::TechnoClass	FUNC
0x6f3970	TechnoClass::CombatDamage	FUNC
0x6f47a0	TechnoClass::TimeToBuild	FUNC
0x6f6ac0	TechnoClass::Limbo	FUNC
0x6f79a0	TechnoClass::ShouldSuppress	FUNC
0x6f7ca0	unknown	FUNC
0x6f8960	unknown	FUNC
0x6f8df0	TechnoClass::GreatestThreat	FUNC
0x6fb080	TechnoClass::StartReloading	FUNC
0x6fbc90	TechnoClass::ShouldNotBeCloaked	FUNC
0x6fbdc0	TechnoClass::IsReadyToCloak	FUNC
0x6fcdb0	TechnoClass::SetTarget	FUNC
0x6fd210	TechnoClass::CreateLaser	FUNC
0x703590	TechnoClass::NearbyLocation	FUNC
0x705d70	TechnoClass::GetDrawer	FUNC
0x706bd0	TechnoClass::DrawVoxelShadow	FUNC
0x707cb0	TechnoClass::KillPassengers	FUNC
0x708080	TechnoClass::BaseIsAttacked	FUNC
0x7087c0	TechnoClass::CanRetaliateToAttacker	FUNC
0x7091d0	TechnoClass::CanPassiveAcquireTargets	FUNC
0x709290	TechnoClass::CanOpportunityFire	FUNC
0x70c610	TechnoClass::SetArchiveTarget	FUNC
0x70cd10	TechnoClass::ThreatCoeffients	FUNC
0x70d0d0	TechnoClass::HasAbility	FUNC
0x70d4a0	AbstractClass::BecomeUntargetable	FUNC
0x70d690	TechnoClass::FireDeathWeapon	FUNC
0x70ddd0	TechnoClass::SetCurrentWeaponStage	FUNC
0x70de00	TechnoClass::sub_70DE00	FUNC
0x70de70	TechnoClass::GattlingRateUp	FUNC
0x70e000	TechnoClass::GattlingRateDown	FUNC
0x70e1a0	TechnoClass::GetTurretWeapon	FUNC
0x70e280	TechnoClass::DisguiseAs	FUNC
0x70e360	TechnoClass::GetEffectTintIntensity	FUNC
0x70e380	TechnoClass::GetInvulnerabilityTintIntensity	FUNC
0x70e4b0	TechnoClass::GetAirstrikeTintIntensity	FUNC
0x70ece0	RecoilState::Fire	FUNC
0x70ed10	RecoilState::Update	FUNC
0x70f6e0	TechnoClass::UpdateThreatInCell	FUNC
0x70f7e0	TechnoClass::TargetingTimerFinished	FUNC
0x70f820	TechnoClass::GetOriginalOwner	FUNC
0x70fbd0	UnitClass::IsDeactivated	FUNC
0x70fbe0	TechnoClass::Reactivate	FUNC
0x70fc90	TechnoClass::Deactivate	FUNC
0x70fec0	BuildingClass::IsBeingDrained	FUNC
0x70fee0	TechnoClass::ReleaseLocomotor	FUNC
0x710000	FootClass::FootClass_ImbueLocomotor	FUNC
0x710470	TechnoClass::EnteredOpenTopped	FUNC
0x7104a0	TechnoClass::ExitedOpenTopped	FUNC
0x7104c0	TechnoClass::MarkPassengersAsExited	FUNC
0x7104f0	FootClass::UpdatePassengerCoords	FUNC
0x710550	TechnoClass::SetTargetForPassengers	FUNC
0x7105e0	TechnoClass::IsMindControlled	FUNC
0x710af0	TechnoTypeClass::TechnoTypeClass	FUNC
0x7177c0	TechnoTypeClass::GetWeapon	FUNC
0x7177e0	TechnoTypeClass::GetEliteWeapon	FUNC
0x7178c0	TechnoTypeClass::GetParticleSysOffset	FUNC
0x718000	TeleportLocomotionClass::TeleportLocomotionClass	FUNC
0x71a4e0	TemporalClass::TemporalClass	FUNC
0x71ab10	TemporalClass::GetWarpPerStep	FUNC
0x71abc0	TemporalClass::LetGo	FUNC
0x71ad40	TemporalClass::JustLetGo	FUNC
0x71ade0	TemporalClass::Detach	FUNC
0x71ae50	TemporalClass::CanWarpTarget	FUNC
0x71af20	TemporalClass::Fire	FUNC
0x71bb90	TerrainClass::TerrainClass	FUNC
0x71da80	TerrainTypeClass::TerrainTypeClass	FUNC
0x71e6a0	TEventClass::TEventClass	FUNC
0x71e940	unknown	FUNC
0x71f390	TEventClass::PrepareSaveToINI	FUNC
0x71f4e0	TEventClass::LoadFromINI	FUNC
0x71f950	TEventClass::GetStateA	FUNC
0x71f9c0	TEventClass::GetStateB	FUNC
0x7207f0	ThemeClass::Scan	FUNC
0x720940	ThemeClass::GetName	FUNC
0x7209b0	ThemeClass::GetUIName	FUNC
0x7209d0	ThemeClass::AI	FUNC
0x720a80	ThemeClass::GetRandomIndex	FUNC
0x720b20	ThemeClass::Queue	FUNC
0x720bb0	ThemeClass::Play	FUNC
0x720e10	ThemeClass::GetFilename	FUNC
0x720e50	ThemeClass::GetLength	FUNC
0x720ea0	ThemeClass::Stop	FUNC
0x720f70	ThemeClass::Suspend	FUNC
0x721140	ThemeClass::IsAvailable	FUNC
0x7211e0	ThemeClass::IsNormal	FUNC
0x721210	ThemeClass::FindIndex	FUNC
0x721270	ThemeClass::GetID	FUNC
0x7216c0	TiberiumClass::TiberiumClass	FUNC
0x7235a0	TiberiumClass::RegisterForGrowth	FUNC
0x723e60	ToggleClass::ToggleClass	FUNC
0x723ea0	ToggleClass::TurnOn	FUNC
0x723eb0	ToggleClass::TurnOff	FUNC
0x724000	ToolTipManager::ToolTipManager	FUNC
0x7241a0	ToolTipManager::SetState	FUNC
0x724200	ToolTipManager::ProcessMessage	FUNC
0x724510	ToolTipManager::GetTimerDelay	FUNC
0x724520	ToolTipManager::SetTimerDelay	FUNC
0x724530	ToolTipManager::SaveTimerDelay	FUNC
0x724540	ToolTipManager::RestoreTimeDelay	FUNC
0x724550	ToolTipManager::GetLifeTime	FUNC
0x724560	ToolTipManager::SetLifeTime	FUNC
0x724570	ToolTipManager::GetToolTipCount	FUNC
0x724580	ToolTipManager::Add	FUNC
0x724730	ToolTipManager::Remove	FUNC
0x7248c0	ToolTipManager::Find	FUNC
0x724a30	ToolTipManager::FindFromPosition	FUNC
0x724ad0	ToolTipManager::Process	FUNC
0x724be0	ToolTipManager::Hide	FUNC
0x724c00	ToolTipManager::IsToolTipShowing	FUNC
0x7258d0	AbstractClass::AnnounceExpiredPointer	FUNC
0x725fa0	TriggerClass::TriggerClass	FUNC
0x726250	TriggerClass::HasCrossesHorizontalLineEvent	FUNC
0x726290	TriggerClass::HasCrossesVerticalLineEvent	FUNC
0x7262d0	TriggerClass::HasZoneEntryByEvent	FUNC
0x726310	TriggerClass::HasAllowWinAction	FUNC
0x726350	TriggerClass::HasGlobalSetOrClearedEvent	FUNC
0x7263a0	TriggerClass::NotifyGlobalChanged	FUNC
0x7263d0	TriggerClass::NotifyLocalChanged	FUNC
0x726400	TriggerClass::ResetTimers	FUNC
0x7264c0	TriggerClass::RegisterEvent	FUNC
0x7265c0	TriggerClass::FireActions	FUNC
0x726720	TriggerClass::Destroy	FUNC
0x726c80	TriggerTypeClass::TriggerTypeClass	FUNC
0x726f50	TriggerTypeClass::HasCrossesVerticalLineEvent	FUNC
0x726f80	TriggerTypeClass::HasCrossesHorizontalLineEvent	FUNC
0x726fb0	TriggerTypeClass::HasZoneEntryByEvent	FUNC
0x726fe0	TriggerTypeClass::HasAllowWinAction	FUNC
0x727010	TriggerTypeClass::HasGlobalSetOrClearedEvent	FUNC
0x727050	TriggerTypeClass::HasLocalSetOrClearedEvent	FUNC
0x7271e0	TriggerTypeClass::GetFlags	FUNC
0x7279e0	TriggerTypeClass::RemoveAction	FUNC
0x727a40	TriggerTypeClass::RemoveEvent	FUNC
0x727fd0	TubeClass::TubeClass	FUNC
0x728a00	__declspec::TunnelLocomotionClass	FUNC
0x7291f0	__declspec::ProcessPreDigIn	FUNC
0x729370	__declspec::ProcessDiggingIn	FUNC
0x729480	__declspec::ProcessDugOut	FUNC
0x7294e0	__declspec::ProcessDugIn	FUNC
0x729580	__declspec::ProcessDigging	FUNC
0x7298f0	__declspec::ProcessPreDigOut	FUNC
0x729aa0	__declspec::ProcessDiggingOut	FUNC
0x72a440	TextLabelClass::GadgetClass	FUNC
0x734270	TechnoClass::ClearSidebarTabObject	FUNC
0x7353c0	UnitClass::UnitClass	FUNC
0x7359f0	UnitClass::UpdateTube	FUNC
0x736990	UnitClass::UpdateRotation	FUNC
0x736c10	UnitClass::UpdateEdgeOfWorld	FUNC
0x736df0	UnitClass::UpdateFiring	FUNC
0x737180	UnitClass::UpdateVisceroid	FUNC
0x738680	UnitClass::Explode	FUNC
0x738d30	UnitClass::GotoClearSpot	FUNC
0x7393c0	UnitClass::TryToDeploy	FUNC
0x739ac0	UnitClass::Deploy	FUNC
0x739cd0	UnitClass::Undeploy	FUNC
0x73b140	UnitClass::DrawObject	FUNC
0x73b470	UnitClass::DrawAsVXL	FUNC
0x73c5f0	UnitClass::DrawAsSHP	FUNC
0x73d450	UnitClass::Harvesting	FUNC
0x73fd50	UnitClass::MouseOverObject	FUNC
0x7404b0	UnitClass::MouseOverCell	FUNC
0x740df0	UnitClass::FlagAttach	FUNC
0x740e20	UnitClass::FlagRemove	FUNC
0x740e60	UnitClass::APCCloseDoor	FUNC
0x740e80	UnitClass::APCOpenDoor	FUNC
0x740fd0	UnitClass::GetFireError	FUNC
0x7438f0	UnitClass::ShouldCrashIt	FUNC
0x7441b0	UnitClass::MarkAllOccupationBits	FUNC
0x744210	UnitClass::UnmarkAllOccupationBits	FUNC
0x7447b0	UnitClass::AssignDestination_7447B0	FUNC
0x746000	UnitClass::AStarAttempt	FUNC
0x7468c0	UnitClass::UpdateDisguise	FUNC
0x7470d0	UnitTypeClass::UnitTypeClass	FUNC
0x748fd0	UnitTrackerClass::UnitTrackerClass	FUNC
0x749010	UnitTrackerClass::~UnitTrackerClass	FUNC
0x749020	UnitTrackerClass::IncrementUnitCount	FUNC
0x749040	UnitTrackerClass::DecrementUnitCount	FUNC
0x749060	UnitTrackerClass::PopulateUnitCount	FUNC
0x7490a0	UnitTrackerClass::GetUnitCount	FUNC
0x7490c0	UnitTrackerClass::GetArray	FUNC
0x7490d0	UnitTrackerClass::ClearUnitCount	FUNC
0x749100	UnitTrackerClass::ToNetworkFormat	FUNC
0x749150	UnitTrackerClass::ToPCFormat	FUNC
0x7493b0	VoxelAnimClass::VoxelAnimClass	FUNC
0x74ad80	VoxelAnimTypeClass::VoxelAnimTypeClass	FUNC
0x74c5b0	VeinholeMonsterClass::VeinholeMonsterClass	FUNC
0x74c9f0	VeinholeMonsterClass::~VeinholeMonsterClass	FUNC
0x74ce50	VeinholeMonsterClass::Update	FUNC
0x74d490	VeinholeMonsterClass::DrawIt	FUNC
0x74d5d0	unknown	FUNC
0x74d7c0	VeinholeMonsterClass::UpdateGrowth	FUNC
0x74dc00	VeinholeMonsterClass::Func_74DC00	FUNC
0x74e1c0	VeinholeMonsterClass::Func_74E1C0_RecalculateCellVector	FUNC
0x74e6b0	VeinholeMonsterClass::RecalculateSpread	FUNC
0x74e930	VeinholeMonsterClass::Recalculate	FUNC
0x74ea30	VeinholeMonsterClass::ClearVector	FUNC
0x74eee0	VeinholeMonsterClass::Save	FUNC
0x74ef10	VeinholeMonsterClass::RemoveFrom	FUNC
0x74f2d0	VeinholeMonsterClass::GetClassID	FUNC
0x74f310	VeinholeMonsterClass::WhatAmI	FUNC
0x74f320	VeinholeMonsterClass::Size	FUNC
0x74f730	VersionClass::VersionClass	FUNC
0x74f760	VersionClass::Version_Number	FUNC
0x74f960	VersionClass::Major_Version	FUNC
0x74fa20	VersionClass::Minor_Version	FUNC
0x74fae0	VersionClass::Version_Name	FUNC
0x74fc80	VersionClass::Read_Text_String	FUNC
0x74fd20	VersionClass::Version_Protocol	FUNC
0x74fd50	VersionClass::Init_Clipping	FUNC
0x74fd60	VersionClass::Clip_Version	FUNC
0x74fda0	VersionClass::Min_Version	FUNC
0x74fdb0	VersionClass::Max_Version	FUNC
0x752cb0	VoxClass::VoxClass	FUNC
0x752d60	VoxClass::~VoxClass	FUNC
0x752db0	VoxClass::LoadFromINI	FUNC
0x753380	VoxClass::GetFilename	FUNC
0x75aa90	WalkLocomotionClass::WalkLocomotionClass	FUNC
0x75cec0	WarheadTypeClass::WarheadTypeClass	FUNC
0x75e950	WaveClass::WaveClass	FUNC
0x75f330	WaveClass::DamageArea	FUNC
0x761640	WaveClass::Draw_NonMagnetic	FUNC
0x762070	WaveClass::Draw_Magnetic	FUNC
0x762af0	WaveClass::Update_Wave	FUNC
0x763810	WaypointPathClass::WaypointPathClass	FUNC
0x763980	WaypointPathClass::GetWaypoint	FUNC
0x763a50	WaypointPathClass::WaypointExistsAt	FUNC
0x763ba0	WaypointPathClass::GetWaypointAfter	FUNC
0x771c70	WeaponTypeClass::WeaponTypeClass	FUNC
0x7729f0	WeaponTypeClass::CalculateSpeed	FUNC
0x772a90	WeaponTypeClass::AllowedThreats	FUNC
0x7b1bc0	__declspec::StartListening	FUNC
0x7b1c50	__declspec::StopListening	FUNC
0x7b1ca0	__declspec::DiscardInBuffers	FUNC
0x7b1d10	__declspec::DiscardOutBuffers	FUNC
0x7b1de0	__declspec::Init	FUNC
0x7b2db0	UDPInterfaceClass::UDPInterfaceClass	FUNC
0x7b2e50	UDPInterfaceClass::~UDPInterfaceClass	FUNC
0x7b30b0	UDPInterfaceClass::OpenSocket	FUNC
0x7b89f0	WWMouseClass::GetRefCount	FUNC
0x7b8a00	WWMouseClass::Draw	FUNC
0x7b90c0	WWMouseClass::func_3C	FUNC
0x7b92d0	WWMouseClass::func_40	FUNC
0x7b9750	WWMouseClass::ShowCursor	FUNC
0x7b9930	WWMouseClass::HideCursor	FUNC
0x7b9a60	WWMouseClass::CaptureMouse	FUNC
0x7b9c30	WWMouseClass::ReleaseMouse	FUNC
0x7b9d70	WWMouseClass::func_20	FUNC
0x7b9d80	WWMouseClass::CallFunc10	FUNC
0x7b9d90	WWMouseClass::func_44	FUNC
0x7ba320	WWMouseClass::IsRefCountNegative	FUNC
0x7ba330	WWMouseClass::IsCaptured	FUNC
0x7ba340	WWMouseClass::GetX	FUNC
0x7ba350	WWMouseClass::GetY	FUNC
0x7ba360	WWMouseClass::GetCoords	FUNC
0x7ba380	WWMouseClass::SetCoords	FUNC
0x7bc970	ZBuffer::ZBuffer	FUNC
0x7bca50	ZBuffer::BlitTo	FUNC
0x7bcae0	ZBuffer::ReleaseSurface	FUNC
0x7bcaf0	ZBuffer::Blitter	FUNC
0x7bcb50	ZBuffer::BlitAt	FUNC
0x7bcf50	ZBuffer::Fill	FUNC
0x7bcf90	ZBuffer::FillRect	FUNC
0x7bcfb0	ZBuffer::BlitRect	FUNC
0x7bd130	ZBuffer::GetBuffer	FUNC
0x812000	None::GlobalConstructorsBegin	GLOBAL
0x815da4	None::GlobalConstructorsEnd	GLOBAL
0x815da8	None::SystemInitTermsBegin	GLOBAL
0x815dbc	None::SystemInitTermsEnd	GLOBAL
0x8205d0	Drawing::ColorMode	GLOBAL
0x8205d4	Drawing::AllowSoftwareBlitFills	GLOBAL
0x82083c	WWMessageBox::Instance	GLOBAL
0x822cf1	Game::bDrawShadow	GLOBAL
0x822cf2	MovieInfo::MoveFeedback	GLOBAL
0x822cf4	Game::TechLevel	GLOBAL
0x822cf8	ScenarioClass::LastTheater	GLOBAL
0x827fc0	LightningStorm::StartTime	GLOBAL
0x827fc4	LightningStorm::Duration	GLOBAL
0x827fc8	NukeFlash::StartTime	GLOBAL
0x827fcc	NukeFlash::Duration	GLOBAL
0x83367c	procedures::PaintLeft	GLOBAL
0x833680	procedures::PaintTop	GLOBAL
0x833684	procedures::ButtonSliceVariant	GLOBAL
0x83737c	Game::ReconnectTimeout	GLOBAL
0x83d560	Game::Savegame_Magic	GLOBAL
0x840a6c	Game::bVideoBackBuffer	GLOBAL
0x845728	StringTable::Language	GLOBAL
0x8464ac	VocClass::VoicesEnabled	GLOBAL
0x87e8b8	AStarClass::Instance	GLOBAL
0x87f5d8	BombListClass::Instance	GLOBAL
0x87f778	LogicClass::Instance	GLOBAL
0x87f7e8	DisplayClass::Instance	GLOBAL
0x8809a0	MovieInfo::CurrentSWType	GLOBAL
0x884b8c	CCToolTip::HideName	GLOBAL
0x884dd8	MixFileClass::MULTIMD	GLOBAL
0x884ddc	MixFileClass::MULTI	GLOBAL
0x884df8	MixFileClass::Generics	GLOBAL
0x885780	FileSystem::TEMPERAT_PAL	GLOBAL
0x886b88	Randomizer::Global	GLOBAL
0x886f90	DSurface::SidebarBounds	GLOBAL
0x886fa0	DSurface::ViewBounds	GLOBAL
0x886fb0	DSurface::WindowBounds	GLOBAL
0x8870c0	variables::INI_RA2MD	GLOBAL
0x887128	variables::INI_AI	GLOBAL
0x887180	variables::INI_Art	GLOBAL
0x887208	variables::INI_UIMD	GLOBAL
0x887418	Game::bVPLRead	GLOBAL
0x887420	Game::VoxelShadowLightSource	GLOBAL
0x887430	Drawing::VoxelTransformMatrix	GLOBAL
0x887470	Game::VoxelLightSource	GLOBAL
0x887888	AircraftTrackerClass::Instance	GLOBAL
0x89c3b0	__declspec::Instance	GLOBAL
0x89f978	GameOptionsClass::WindowedMode	GLOBAL
0x8a00a4	Drawing::RenderWidth	GLOBAL
0x8a00a8	Drawing::RenderHeight	GLOBAL
0x8a00ac	Drawing::RenderBitsPerPixel	GLOBAL
0x8a0dd0	RGBClass::RedShiftLeft	GLOBAL
0x8a0dd4	RGBClass::RedShiftRight	GLOBAL
0x8a0dd8	RGBClass::BlueShiftLeft	GLOBAL
0x8a0ddc	RGBClass::BlueShiftRight	GLOBAL
0x8a0de0	RGBClass::GreenShiftLeft	GLOBAL
0x8a0de4	RGBClass::GreenShiftRight	GLOBAL
0x8a0de8	Drawing::HalfbrightMask	GLOBAL
0x8a0dea	Drawing::QuarterbrightMask	GLOBAL
0x8a0dec	Drawing::EighthbrightMask	GLOBAL
0x8a0dee	Drawing::AllowSoftwareBlitStretch	GLOBAL
0x8a0def	Game::bAllowDirect3D	GLOBAL
0x8a0df0	Game::bDirect3DIsUseable	GLOBAL
0x8a38e0	EvadeClass::Instance	GLOBAL
0xa80220	RGBClass::White	GLOBAL
0xa83d10	ThemeClass::Instance	GLOBAL
0xa8b238	SessionClass::Instance	GLOBAL
0xa8b24c	Game::ProtocolVersion	GLOBAL
0xa8b250	GameModeOptionsClass::Instance	GLOBAL
0xa8b258	MovieInfo::Bases	GLOBAL
0xa8b260	MovieInfo::BridgeDestruction	GLOBAL
0xa8b261	MovieInfo::Crates	GLOBAL
0xa8b262	MovieInfo::ShortGame	GLOBAL
0xa8b263	MovieInfo::SWAllowed	GLOBAL
0xa8b26c	MovieInfo::MultiEngineer	GLOBAL
0xa8b31c	MovieInfo::AlliesAllowed	GLOBAL
0xa8b31d	MovieInfo::HarvesterTruce	GLOBAL
0xa8b31e	MovieInfo::CTF	GLOBAL
0xa8b31f	MovieInfo::FOW	GLOBAL
0xa8b320	MovieInfo::MCVRedeploy	GLOBAL
0xa8b394	Game::PlayerColor	GLOBAL
0xa8b538	MovieInfo::MuteSWLaunches	GLOBAL
0xa8b54c	Game::PlayerCount	GLOBAL
0xa8b550	Game::MaxAhead	GLOBAL
0xa8b554	Game::FrameSendRate	GLOBAL
0xa8b558	Game::RequestedFPS	GLOBAL
0xa8b568	Game::MaxMaxAhead	GLOBAL
0xa8b56c	Game::PreCalcMaxAhead	GLOBAL
0xa8b570	Game::PreCalcFrameRate	GLOBAL
0xa8b8b4	Game::EnableMPDebug	GLOBAL
0xa8b8b5	Game::DrawMPDebugStats	GLOBAL
0xa8b8c2	Game::OutOfSync	GLOBAL
0xa8bc60	MessageListClass::Instance	GLOBAL
0xa8d58c	Game::RecordFile	GLOBAL
0xa8d5f8	Game::RecordingFlag	GLOBAL
0xa8d638	SessionClass::GlobalReceivePacket	GLOBAL
0xa8d804	SessionClass::GlobalReceiveAddress	GLOBAL
0xa8db9c	Game::LatencyFudge	GLOBAL
0xa8e378	MovieInfo::TacticalActive	GLOBAL
0xa8e7ac	MovieInfo::ScenarioInit	GLOBAL
0xa8e8e8	GetCDClass::Instance	GLOBAL
0xa8e9a0	Game::IsActive	GLOBAL
0xa8e9c0	IPXManagerClass::Instance	GLOBAL
0xa8eb60	GameOptionsClass::Instance	GLOBAL
0xa8eb96	Game::bAllowVRAMSidebar	GLOBAL
0xa8ec74	ThemeClass::ScoresPresen	GLOBAL
0xa8ece0	VersionClass::Instance	GLOBAL
0xa8ed5c	MovieInfo::ScenarioStarted	GLOBAL
0xa8ed6b	MovieInfo::ArmageddonMode	GLOBAL
0xa8ed7c	ScenarioClass::NewINIFormat	GLOBAL
0xa8ed80	Game::IsFocused	GLOBAL
0xa8ed84	None::CurrentFrame	GLOBAL
0xa8ed8c	MovieInfo::WSDialogCount	GLOBAL
0xa8ed94	Game::Seed	GLOBAL
0xa8ed9c	MovieInfo::UserInputLocked	GLOBAL
0xa8eda0	Game::SpecialDialog	GLOBAL
0xa8f7ac	Game::DontSetExceptionHandler	GLOBAL
0xa9f9cc	LightningStorm::Coords	GLOBAL
0xa9fa48	PsyDom::Coords	GLOBAL
0xa9fa98	ChronoScreenEffect::Duration	GLOBAL
0xa9fab0	ChronoScreenEffect::Status	GLOBAL
0xa9fab4	LightningStorm::Active	GLOBAL
0xa9fab8	LightningStorm::Deferment	GLOBAL
0xa9fabc	NukeFlash::Status	GLOBAL
0xa9fac0	PsyDom::Status	GLOBAL
0xa9fad0	LightningStorm::TimeToEnd	GLOBAL
0xabbed0	FileSystem::ISOx_PAL	GLOBAL
0xabc5f8	Kamikaze::Instance	GLOBAL
0xabcd50	FPSCounter::ReducedEffects	GLOBAL
0xabce08	ScenarioClass::WasGameSaved	GLOBAL
0xabd490	MovieInfo::CellSpreadTable	GLOBAL
0xabdc50	MapClass::InvalidCell	GLOBAL
0xabdfd8	MapSeedClass::Instance	GLOBAL
0xabf390	MovieInfo::Array	GLOBAL
0xac10c8	Game::ObserverMode	GLOBAL
0xac184c	OwnerDraw::CaretColor	GLOBAL
0xac1858	procedures::MessageProcessedGuard	GLOBAL
0xac1890	OwnerDraw::ScrollButtonBevelAlpha	GLOBAL
0xac18a4	OwnerDraw::PrimaryTextColor	GLOBAL
0xac18c0	procedures::SubclassProcs	GLOBAL
0xac1af8	OwnerDraw::AltDisabledTextColor	GLOBAL
0xac1b00	procedures::Dialogs	GLOBAL
0xac1b48	OwnerDraw::DialogProcs	GLOBAL
0xac1b90	OwnerDraw::UnusedDarkAccentColor	GLOBAL
0xac1b94	OwnerDraw::BevelShadowColor	GLOBAL
0xac1b98	OwnerDraw::BevelLightColor	GLOBAL
0xac1ca8	OwnerDraw::DisabledBorderColor	GLOBAL
0xac1cb0	OwnerDraw::AltComboTextColor	GLOBAL
0xac1cb4	OwnerDraw::DisabledTextColor	GLOBAL
0xac1cb8	procedures::TooltipBlitState	GLOBAL
0xac1dd8	OwnerDraw::AltBorderColor	GLOBAL
0xac1de0	procedures::ActiveWindowStackCount	GLOBAL
0xac1de4	procedures::ActiveWindowStackCapacity	GLOBAL
0xac1df0	OwnerDraw::ControlInsetPx	GLOBAL
0xac4604	OwnerDraw::ListSelectionFillColor	GLOBAL
0xac4608	OwnerDraw::SelectedTabTextColor	GLOBAL
0xac4618	OwnerDraw::ImeCompositionTextColor	GLOBAL
0xac4620	OwnerDraw::AltDisabledBorderColor	GLOBAL
0xac4624	OwnerDraw::DefaultBorderColor	GLOBAL
0xac4628	OwnerDraw::UnusedMidGrayColor	GLOBAL
0xac4848	PCX::Instance	GLOBAL
0xac4880	OwnerDraw::AltSelectionFillColor	GLOBAL
0xac4898	OwnerDraw::DisabledOverlayAlpha	GLOBAL
0xac48a8	OwnerDraw::CurrentDialogHwnd	GLOBAL
0xac48b0	OwnerDraw::TooltipBackgroundColor	GLOBAL
0xac48b4	OwnerDraw::CachedSurfaceCount	GLOBAL
0xac48b8	OwnerDraw::ColorShiftRed	GLOBAL
0xac48ba	OwnerDraw::ColorShiftGreen	GLOBAL
0xac48bc	OwnerDraw::ColorShiftBlue	GLOBAL
0xac48c0	procedures::ComboDropActiveDropHwnd	GLOBAL
0xac48c4	procedures::ComboDropActiveParentHwnd	GLOBAL
0xac48d4	Game::PCXInitialized	GLOBAL
0xac48dc	procedures::PaintDepth	GLOBAL
0xac48e0	procedures::PaintRight	GLOBAL
0xac48e4	procedures::PaintBottom	GLOBAL
0xac48e8	procedures::AboutToCallSetWindowPos	GLOBAL
0xac4cf4	PlanningNodeClass::PlanningModeActive	GLOBAL
0xac4f58	ProgressScreenClass::Instance	GLOBAL
0xac51fc	EventClass::CurrentFrameCRC	GLOBAL
0xb04880	Game::EnableMPSyncDebug	GLOBAL
0xb04bec	Game::IsReadingAudioFile	GLOBAL
0xb0b3a0	SidebarClass::ToggleRepairButton	GLOBAL
0xb0bc88	Game::COMClasses	GLOBAL
0xb0bce4	MovieInfo::AppMutex	GLOBAL
0xb0c110	SwizzleManagerClass::Instance	GLOBAL
0xb0cdd8	LightningStorm::CloudHeightFactor	GLOBAL
0xb0ce78	Drawing::DirtyAreas	GLOBAL
0xb0f5b8	hierarchy::NotifyInvalidAnim	GLOBAL
0xb0f5d8	hierarchy::NotifyInvalidTeam	GLOBAL
0xb0f5f0	hierarchy::NotifyInvalidWaypoint	GLOBAL
0xb0f618	hierarchy::NotifyInvalidTag	GLOBAL
0xb0f640	hierarchy::NotifyInvalidFactory	GLOBAL
0xb0f658	hierarchy::NotifyInvalidActionOrEvent	GLOBAL
0xb0f670	hierarchy::NotifyInvalidType	GLOBAL
0xb0f6c8	hierarchy::NotifyInvalidHouse	GLOBAL
0xb0f6f0	hierarchy::NotifyInvalidNeuron	GLOBAL
0xb0f708	hierarchy::NotifyInvalidTrigger	GLOBAL
0xb0f720	hierarchy::NotifyInvalidObject	GLOBAL
0xb0f9fc	procedures::ButtonDisabledSide0Red	GLOBAL
0xb0f9fd	procedures::ButtonDisabledSide0GreenBlue	GLOBAL
0xb0fa1c	CCToolTip::ToolTipTextColor	GLOBAL
0xb0fb14	procedures::ButtonDisabledSide1Red	GLOBAL
0xb0fb15	procedures::ButtonDisabledSide1GreenBlue	GLOBAL
0xb0fb19	procedures::ButtonDisabledSideOtherRed	GLOBAL
0xb0fb1a	procedures::ButtonDisabledSideOtherGreenBlue	GLOBAL
0xb0fbb8	Game::ScoreStuffLoad	GLOBAL
0xb0fe65	MovieInfo::TypeSelecting	GLOBAL
0xb1cf58	StringTable::MaxLabelLen	GLOBAL
0xb1cf6c	StringTable::LabelCount	GLOBAL
0xb1cf70	StringTable::ValueCount	GLOBAL
0xb1cf80	StringTable::IsLoaded	GLOBAL
0xb1d4c8	VoxClass::EVAIndex	GLOBAL
0xb2d928	BSurface::VoxelSurface	GLOBAL
0xb44318	Matrix3D::VoxelDefaultMatrix	GLOBAL
0xb732f0	Game::hInstance	GLOBAL
0xb73550	Game::hWnd	GLOBAL
0xb7355c	Game::hIMC	GLOBAL
0xb73564	OwnerDraw::IMECompositionStringLength	GLOBAL
0xb73568	OwnerDraw::IMECompositionCursorPos	GLOBAL
0xb7356c	OwnerDraw::IMEComposing	GLOBAL
0xb73814	Game::GameStockKeepingUnit	GLOBAL
0xb77788	Game::PlanetWestwoodStartTime	GLOBAL
0xb779c4	Game::Tournament	GLOBAL
0xb779d4	Game::WOLGameID	GLOBAL
0xb77e00	CCINIClass::RulesHash	GLOBAL
0xb77e04	CCINIClass::ArtHash	GLOBAL
0xb77e08	CCINIClass::AIHash	GLOBAL
0xb78138	Game::MouseThread	GLOBAL
0xb781c8	None::SystemVersionHigh	GLOBAL
0xb781cc	None::SystemVersionLow	GLOBAL
0xb781d8	None::argc	GLOBAL
0xb78228	None::EnvironmentString	GLOBAL
0xb78ba8	None::CommandLine	GLOBAL
